Copyright 1986-2022 Xilinx, Inc. All Rights Reserved. Copyright 2022-2024 Advanced Micro Devices, Inc. All Rights Reserved.
------------------------------------------------------------------------------------------------------------------------------------------------------------------------------------------------------
| Tool Version : Vivado v.2024.2 (lin64) Build 5239630 Fri Nov 08 22:34:34 MST 2024
| Date         : Tue Nov 25 02:13:33 2025
| Host         : napkin running 64-bit Arch Linux
| Command      : report_timing_summary -max_paths 10 -report_unconstrained -file top_timing_summary_routed.rpt -pb top_timing_summary_routed.pb -rpx top_timing_summary_routed.rpx -warn_on_violation
| Design       : top
| Device       : 7a35t-cpg236
| Speed File   : -1  PRODUCTION 1.23 2018-06-13
| Design State : Routed
------------------------------------------------------------------------------------------------------------------------------------------------------------------------------------------------------

Timing Summary Report

------------------------------------------------------------------------------------------------
| Timer Settings
| --------------
------------------------------------------------------------------------------------------------

  Enable Multi Corner Analysis               :  Yes
  Enable Pessimism Removal                   :  Yes
  Pessimism Removal Resolution               :  Nearest Common Node
  Enable Input Delay Default Clock           :  No
  Enable Preset / Clear Arcs                 :  No
  Disable Flight Delays                      :  No
  Ignore I/O Paths                           :  No
  Timing Early Launch at Borrowing Latches   :  No
  Borrow Time for Max Delay Exceptions       :  Yes
  Merge Timing Exceptions                    :  Yes
  Inter-SLR Compensation                     :  Conservative

  Corner  Analyze    Analyze    
  Name    Max Paths  Min Paths  
  ------  ---------  ---------  
  Slow    Yes        Yes        
  Fast    Yes        Yes        


------------------------------------------------------------------------------------------------
| Report Methodology
| ------------------
------------------------------------------------------------------------------------------------

No report available as report_methodology has not been run prior. Run report_methodology on the current design for the summary of methodology violations.



check_timing report

Table of Contents
-----------------
1. checking no_clock (0)
2. checking constant_clock (0)
3. checking pulse_width_clock (0)
4. checking unconstrained_internal_endpoints (0)
5. checking no_input_delay (5)
6. checking no_output_delay (26)
7. checking multiple_clock (0)
8. checking generated_clocks (0)
9. checking loops (0)
10. checking partial_input_delay (0)
11. checking partial_output_delay (0)
12. checking latch_loops (0)

1. checking no_clock (0)
------------------------
 There are 0 register/latch pins with no clock.


2. checking constant_clock (0)
------------------------------
 There are 0 register/latch pins with constant_clock.


3. checking pulse_width_clock (0)
---------------------------------
 There are 0 register/latch pins which need pulse_width check


4. checking unconstrained_internal_endpoints (0)
------------------------------------------------
 There are 0 pins that are not constrained for maximum delay.

 There are 0 pins that are not constrained for maximum delay due to constant clock.


5. checking no_input_delay (5)
------------------------------
 There are 5 input ports with no input delay specified. (HIGH)

 There are 0 input ports with no input delay but user has a false path constraint.


6. checking no_output_delay (26)
--------------------------------
 There are 26 ports with no output delay specified. (HIGH)

 There are 0 ports with no output delay but user has a false path constraint

 There are 0 ports with no output delay but with a timing clock defined on it or propagating through it


7. checking multiple_clock (0)
------------------------------
 There are 0 register/latch pins with multiple clocks.


8. checking generated_clocks (0)
--------------------------------
 There are 0 generated clocks that are not connected to a clock source.


9. checking loops (0)
---------------------
 There are 0 combinational loops in the design.


10. checking partial_input_delay (0)
------------------------------------
 There are 0 input ports with partial input delay specified.


11. checking partial_output_delay (0)
-------------------------------------
 There are 0 ports with partial output delay specified.


12. checking latch_loops (0)
----------------------------
 There are 0 combinational latch loops in the design through latch input



------------------------------------------------------------------------------------------------
| Design Timing Summary
| ---------------------
------------------------------------------------------------------------------------------------

    WNS(ns)      TNS(ns)  TNS Failing Endpoints  TNS Total Endpoints      WHS(ns)      THS(ns)  THS Failing Endpoints  THS Total Endpoints     WPWS(ns)     TPWS(ns)  TPWS Failing Endpoints  TPWS Total Endpoints  
    -------      -------  ---------------------  -------------------      -------      -------  ---------------------  -------------------     --------     --------  ----------------------  --------------------  
     24.496        0.000                      0                  377        0.132        0.000                      0                  377        3.000        0.000                       0                   375  


All user specified timing constraints are met.


------------------------------------------------------------------------------------------------
| Clock Summary
| -------------
------------------------------------------------------------------------------------------------

Clock                 Waveform(ns)       Period(ns)      Frequency(MHz)
-----                 ------------       ----------      --------------
sys_clk_pin           {0.000 5.000}      10.000          100.000         
  clk_out1_clk_wiz_0  {0.000 20.000}     40.000          25.000          
  clkfbout_clk_wiz_0  {0.000 5.000}      10.000          100.000         


------------------------------------------------------------------------------------------------
| Intra Clock Table
| -----------------
------------------------------------------------------------------------------------------------

Clock                     WNS(ns)      TNS(ns)  TNS Failing Endpoints  TNS Total Endpoints      WHS(ns)      THS(ns)  THS Failing Endpoints  THS Total Endpoints     WPWS(ns)     TPWS(ns)  TPWS Failing Endpoints  TPWS Total Endpoints  
-----                     -------      -------  ---------------------  -------------------      -------      -------  ---------------------  -------------------     --------     --------  ----------------------  --------------------  
sys_clk_pin                                                                                                                                                             3.000        0.000                       0                     1  
  clk_out1_clk_wiz_0       24.496        0.000                      0                  377        0.132        0.000                      0                  377       19.500        0.000                       0                   371  
  clkfbout_clk_wiz_0                                                                                                                                                    7.845        0.000                       0                     3  


------------------------------------------------------------------------------------------------
| Inter Clock Table
| -----------------
------------------------------------------------------------------------------------------------

From Clock    To Clock          WNS(ns)      TNS(ns)  TNS Failing Endpoints  TNS Total Endpoints      WHS(ns)      THS(ns)  THS Failing Endpoints  THS Total Endpoints  
----------    --------          -------      -------  ---------------------  -------------------      -------      -------  ---------------------  -------------------  


------------------------------------------------------------------------------------------------
| Other Path Groups Table
| -----------------------
------------------------------------------------------------------------------------------------

Path Group    From Clock    To Clock          WNS(ns)      TNS(ns)  TNS Failing Endpoints  TNS Total Endpoints      WHS(ns)      THS(ns)  THS Failing Endpoints  THS Total Endpoints  
----------    ----------    --------          -------      -------  ---------------------  -------------------      -------      -------  ---------------------  -------------------  


------------------------------------------------------------------------------------------------
| User Ignored Path Table
| -----------------------
------------------------------------------------------------------------------------------------

Path Group    From Clock    To Clock    
----------    ----------    --------    


------------------------------------------------------------------------------------------------
| Unconstrained Path Table
| ------------------------
------------------------------------------------------------------------------------------------

Path Group          From Clock          To Clock          
----------          ----------          --------          
(none)              clk_out1_clk_wiz_0                      
(none)              clkfbout_clk_wiz_0                      
(none)                                  clk_out1_clk_wiz_0  


------------------------------------------------------------------------------------------------
| Timing Details
| --------------
------------------------------------------------------------------------------------------------


---------------------------------------------------------------------------------------------------
From Clock:  sys_clk_pin
  To Clock:  sys_clk_pin

Setup :           NA  Failing Endpoints,  Worst Slack           NA  ,  Total Violation           NA
Hold  :           NA  Failing Endpoints,  Worst Slack           NA  ,  Total Violation           NA
PW    :            0  Failing Endpoints,  Worst Slack        3.000ns,  Total Violation        0.000ns
---------------------------------------------------------------------------------------------------


Pulse Width Checks
--------------------------------------------------------------------------------------
Clock Name:         sys_clk_pin
Waveform(ns):       { 0.000 5.000 }
Period(ns):         10.000
Sources:            { board_clk_i }

Check Type        Corner  Lib Pin            Reference Pin  Required(ns)  Actual(ns)  Slack(ns)  Location         Pin
Min Period        n/a     MMCME2_ADV/CLKIN1  n/a            1.249         10.000      8.751      MMCME2_ADV_X1Y0  labVGA_clks/my_clk_inst/mmcm_adv_inst/CLKIN1
Max Period        n/a     MMCME2_ADV/CLKIN1  n/a            100.000       10.000      90.000     MMCME2_ADV_X1Y0  labVGA_clks/my_clk_inst/mmcm_adv_inst/CLKIN1
Low Pulse Width   Slow    MMCME2_ADV/CLKIN1  n/a            2.000         5.000       3.000      MMCME2_ADV_X1Y0  labVGA_clks/my_clk_inst/mmcm_adv_inst/CLKIN1
Low Pulse Width   Fast    MMCME2_ADV/CLKIN1  n/a            2.000         5.000       3.000      MMCME2_ADV_X1Y0  labVGA_clks/my_clk_inst/mmcm_adv_inst/CLKIN1
High Pulse Width  Slow    MMCME2_ADV/CLKIN1  n/a            2.000         5.000       3.000      MMCME2_ADV_X1Y0  labVGA_clks/my_clk_inst/mmcm_adv_inst/CLKIN1
High Pulse Width  Fast    MMCME2_ADV/CLKIN1  n/a            2.000         5.000       3.000      MMCME2_ADV_X1Y0  labVGA_clks/my_clk_inst/mmcm_adv_inst/CLKIN1



---------------------------------------------------------------------------------------------------
From Clock:  clk_out1_clk_wiz_0
  To Clock:  clk_out1_clk_wiz_0

Setup :            0  Failing Endpoints,  Worst Slack       24.496ns,  Total Violation        0.000ns
Hold  :            0  Failing Endpoints,  Worst Slack        0.132ns,  Total Violation        0.000ns
PW    :            0  Failing Endpoints,  Worst Slack       19.500ns,  Total Violation        0.000ns
---------------------------------------------------------------------------------------------------


Max Delay Paths
--------------------------------------------------------------------------------------
Slack (MET) :             24.496ns  (required time - arrival time)
  Source:                 vga_timing/col[15]/C
                            (rising edge-triggered cell FDRE clocked by clk_out1_clk_wiz_0  {rise@0.000ns fall@20.000ns period=40.000ns})
  Destination:            hdmi_green_sync[1]/D
                            (rising edge-triggered cell FDRE clocked by clk_out1_clk_wiz_0  {rise@0.000ns fall@20.000ns period=40.000ns})
  Path Group:             clk_out1_clk_wiz_0
  Path Type:              Setup (Max at Slow Process Corner)
  Requirement:            40.000ns  (clk_out1_clk_wiz_0 rise@40.000ns - clk_out1_clk_wiz_0 rise@0.000ns)
  Data Path Delay:        15.329ns  (logic 3.552ns (23.172%)  route 11.777ns (76.828%))
  Logic Levels:           15  (CARRY4=4 LUT2=2 LUT3=1 LUT4=2 LUT6=6)
  Clock Path Skew:        -0.035ns (DCD - SCD + CPR)
    Destination Clock Delay (DCD):    -1.486ns = ( 38.514 - 40.000 ) 
    Source Clock Delay      (SCD):    -0.889ns
    Clock Pessimism Removal (CPR):    0.562ns
  Clock Uncertainty:      0.094ns  ((TSJ^2 + DJ^2)^1/2) / 2 + PE
    Total System Jitter     (TSJ):    0.071ns
    Discrete Jitter          (DJ):    0.175ns
    Phase Error              (PE):    0.000ns

    Location             Delay type                Incr(ns)  Path(ns)    Netlist Resource(s)
  -------------------------------------------------------------------    -------------------
                         (clock clk_out1_clk_wiz_0 rise edge)
                                                      0.000     0.000 r  
    W5                                                0.000     0.000 r  board_clk_i (IN)
                         net (fo=0)                   0.000     0.000    labVGA_clks/my_clk_inst/board_clk_i
    W5                   IBUF (Prop_ibuf_I_O)         1.458     1.458 r  labVGA_clks/my_clk_inst/clkin1_ibufg/O
                         net (fo=1, routed)           1.233     2.691    labVGA_clks/my_clk_inst/clk_in1_clk_wiz_0
    MMCME2_ADV_X1Y0      MMCME2_ADV (Prop_mmcme2_adv_CLKIN1_CLKOUT0)
                                                     -6.961    -4.269 r  labVGA_clks/my_clk_inst/mmcm_adv_inst/CLKOUT0
                         net (fo=1, routed)           1.661    -2.608    labVGA_clks/slowclk/clk_int
    BUFGCTRL_X0Y0        BUFG (Prop_bufg_I_O)         0.096    -2.512 r  labVGA_clks/slowclk/XLXI_401/O
                         net (fo=370, routed)         1.623    -0.889    vga_timing/clk
    SLICE_X6Y93          FDRE                                         r  vga_timing/col[15]/C
  -------------------------------------------------------------------    -------------------
    SLICE_X6Y93          FDRE (Prop_fdre_C_Q)         0.478    -0.411 f  vga_timing/col[15]/Q
                         net (fo=6, routed)           1.026     0.615    vga_timing/Q[14]
    SLICE_X5Y93          LUT6 (Prop_lut6_I1_O)        0.301     0.916 f  vga_timing/hdmi_dispen_sync_i_2/O
                         net (fo=6, routed)           0.419     1.335    vga_timing/hdmi_dispen_sync_i_2_n_0
    SLICE_X5Y93          LUT6 (Prop_lut6_I5_O)        0.124     1.459 r  vga_timing/col[15]_i_3/O
                         net (fo=19, routed)          1.176     2.636    vga_timing/col_wrap
    SLICE_X2Y83          LUT2 (Prop_lut2_I1_O)        0.124     2.760 r  vga_timing/row[15]_i_12/O
                         net (fo=1, routed)           0.000     2.760    vga_timing/row[15]_i_12_n_0
    SLICE_X2Y83          CARRY4 (Prop_carry4_S[0]_CO[3])
                                                      0.513     3.273 r  vga_timing/row[15]_i_8/CO[3]
                         net (fo=1, routed)           0.000     3.273    vga_timing/row[15]_i_8_n_0
    SLICE_X2Y84          CARRY4 (Prop_carry4_CI_O[1])
                                                      0.323     3.596 r  vga_timing/row[15]_i_10/O[1]
                         net (fo=1, routed)           0.946     4.542    vga_timing/row[15]_i_10_n_6
    SLICE_X1Y84          LUT4 (Prop_lut4_I1_O)        0.306     4.848 r  vga_timing/row[15]_i_4/O
                         net (fo=18, routed)          1.500     6.348    vga_timing/row[15]_i_4_n_0
    SLICE_X4Y82          LUT6 (Prop_lut6_I2_O)        0.124     6.472 f  vga_timing/row[6]_i_3/O
                         net (fo=156, routed)         0.626     7.097    vga_timing/row[15]_1
    SLICE_X6Y83          LUT2 (Prop_lut2_I1_O)        0.124     7.221 r  vga_timing/row[6]_i_1/O
                         net (fo=27, routed)          1.578     8.799    vga_timing/row[15]_0[5]
    SLICE_X11Y68         LUT4 (Prop_lut4_I2_O)        0.124     8.923 r  vga_timing/i__carry_i_5__3/O
                         net (fo=1, routed)           0.000     8.923    vga_renderer/disp_trainC13_inferred__0/i__carry__0_1[3]
    SLICE_X11Y68         CARRY4 (Prop_carry4_S[3]_CO[3])
                                                      0.401     9.324 r  vga_renderer/disp_trainC13_inferred__0/i__carry/CO[3]
                         net (fo=1, routed)           0.000     9.324    vga_renderer/disp_trainC13_inferred__0/i__carry_n_0
    SLICE_X11Y69         CARRY4 (Prop_carry4_CI_CO[3])
                                                      0.114     9.438 f  vga_renderer/disp_trainC13_inferred__0/i__carry__0/CO[3]
                         net (fo=1, routed)           0.758    10.196    train_C/CO[0]
    SLICE_X9Y68          LUT6 (Prop_lut6_I3_O)        0.124    10.320 r  train_C/hdmi_red_sync[3]_i_17/O
                         net (fo=1, routed)           1.237    11.558    vga_timing/hdmi_red_sync[3]_i_2_2
    SLICE_X5Y80          LUT6 (Prop_lut6_I2_O)        0.124    11.682 f  vga_timing/hdmi_red_sync[3]_i_5/O
                         net (fo=3, routed)           0.452    12.134    vga_timing/hdmi_red_sync[3]_i_5_n_0
    SLICE_X4Y81          LUT3 (Prop_lut3_I0_O)        0.124    12.258 r  vga_timing/hdmi_red_sync[1]_i_2/O
                         net (fo=3, routed)           1.101    13.359    vga_timing/hdmi_red_sync[1]_i_2_n_0
    SLICE_X5Y85          LUT6 (Prop_lut6_I0_O)        0.124    13.483 r  vga_timing/hdmi_green_sync[1]_i_1/O
                         net (fo=2, routed)           0.957    14.440    D00_out[1]
    SLICE_X2Y98          FDRE                                         r  hdmi_green_sync[1]/D
  -------------------------------------------------------------------    -------------------

                         (clock clk_out1_clk_wiz_0 rise edge)
                                                     40.000    40.000 r  
    W5                                                0.000    40.000 r  board_clk_i (IN)
                         net (fo=0)                   0.000    40.000    labVGA_clks/my_clk_inst/board_clk_i
    W5                   IBUF (Prop_ibuf_I_O)         1.388    41.388 r  labVGA_clks/my_clk_inst/clkin1_ibufg/O
                         net (fo=1, routed)           1.162    42.550    labVGA_clks/my_clk_inst/clk_in1_clk_wiz_0
    MMCME2_ADV_X1Y0      MMCME2_ADV (Prop_mmcme2_adv_CLKIN1_CLKOUT0)
                                                     -7.217    35.332 r  labVGA_clks/my_clk_inst/mmcm_adv_inst/CLKOUT0
                         net (fo=1, routed)           1.581    36.914    labVGA_clks/slowclk/clk_int
    BUFGCTRL_X0Y0        BUFG (Prop_bufg_I_O)         0.091    37.005 r  labVGA_clks/slowclk/XLXI_401/O
                         net (fo=370, routed)         1.510    38.514    hdmi_clk_o_OBUF
    SLICE_X2Y98          FDRE                                         r  hdmi_green_sync[1]/C
                         clock pessimism              0.562    39.076    
                         clock uncertainty           -0.094    38.982    
    SLICE_X2Y98          FDRE (Setup_fdre_C_D)       -0.045    38.937    hdmi_green_sync[1]
  -------------------------------------------------------------------
                         required time                         38.937    
                         arrival time                         -14.440    
  -------------------------------------------------------------------
                         slack                                 24.496    

Slack (MET) :             24.510ns  (required time - arrival time)
  Source:                 vga_timing/col[15]/C
                            (rising edge-triggered cell FDRE clocked by clk_out1_clk_wiz_0  {rise@0.000ns fall@20.000ns period=40.000ns})
  Destination:            hdmi_green_sync[0]/D
                            (rising edge-triggered cell FDRE clocked by clk_out1_clk_wiz_0  {rise@0.000ns fall@20.000ns period=40.000ns})
  Path Group:             clk_out1_clk_wiz_0
  Path Type:              Setup (Max at Slow Process Corner)
  Requirement:            40.000ns  (clk_out1_clk_wiz_0 rise@40.000ns - clk_out1_clk_wiz_0 rise@0.000ns)
  Data Path Delay:        15.329ns  (logic 3.552ns (23.172%)  route 11.777ns (76.828%))
  Logic Levels:           15  (CARRY4=4 LUT2=2 LUT3=1 LUT4=2 LUT6=6)
  Clock Path Skew:        -0.035ns (DCD - SCD + CPR)
    Destination Clock Delay (DCD):    -1.486ns = ( 38.514 - 40.000 ) 
    Source Clock Delay      (SCD):    -0.889ns
    Clock Pessimism Removal (CPR):    0.562ns
  Clock Uncertainty:      0.094ns  ((TSJ^2 + DJ^2)^1/2) / 2 + PE
    Total System Jitter     (TSJ):    0.071ns
    Discrete Jitter          (DJ):    0.175ns
    Phase Error              (PE):    0.000ns

    Location             Delay type                Incr(ns)  Path(ns)    Netlist Resource(s)
  -------------------------------------------------------------------    -------------------
                         (clock clk_out1_clk_wiz_0 rise edge)
                                                      0.000     0.000 r  
    W5                                                0.000     0.000 r  board_clk_i (IN)
                         net (fo=0)                   0.000     0.000    labVGA_clks/my_clk_inst/board_clk_i
    W5                   IBUF (Prop_ibuf_I_O)         1.458     1.458 r  labVGA_clks/my_clk_inst/clkin1_ibufg/O
                         net (fo=1, routed)           1.233     2.691    labVGA_clks/my_clk_inst/clk_in1_clk_wiz_0
    MMCME2_ADV_X1Y0      MMCME2_ADV (Prop_mmcme2_adv_CLKIN1_CLKOUT0)
                                                     -6.961    -4.269 r  labVGA_clks/my_clk_inst/mmcm_adv_inst/CLKOUT0
                         net (fo=1, routed)           1.661    -2.608    labVGA_clks/slowclk/clk_int
    BUFGCTRL_X0Y0        BUFG (Prop_bufg_I_O)         0.096    -2.512 r  labVGA_clks/slowclk/XLXI_401/O
                         net (fo=370, routed)         1.623    -0.889    vga_timing/clk
    SLICE_X6Y93          FDRE                                         r  vga_timing/col[15]/C
  -------------------------------------------------------------------    -------------------
    SLICE_X6Y93          FDRE (Prop_fdre_C_Q)         0.478    -0.411 f  vga_timing/col[15]/Q
                         net (fo=6, routed)           1.026     0.615    vga_timing/Q[14]
    SLICE_X5Y93          LUT6 (Prop_lut6_I1_O)        0.301     0.916 f  vga_timing/hdmi_dispen_sync_i_2/O
                         net (fo=6, routed)           0.419     1.335    vga_timing/hdmi_dispen_sync_i_2_n_0
    SLICE_X5Y93          LUT6 (Prop_lut6_I5_O)        0.124     1.459 r  vga_timing/col[15]_i_3/O
                         net (fo=19, routed)          1.176     2.636    vga_timing/col_wrap
    SLICE_X2Y83          LUT2 (Prop_lut2_I1_O)        0.124     2.760 r  vga_timing/row[15]_i_12/O
                         net (fo=1, routed)           0.000     2.760    vga_timing/row[15]_i_12_n_0
    SLICE_X2Y83          CARRY4 (Prop_carry4_S[0]_CO[3])
                                                      0.513     3.273 r  vga_timing/row[15]_i_8/CO[3]
                         net (fo=1, routed)           0.000     3.273    vga_timing/row[15]_i_8_n_0
    SLICE_X2Y84          CARRY4 (Prop_carry4_CI_O[1])
                                                      0.323     3.596 r  vga_timing/row[15]_i_10/O[1]
                         net (fo=1, routed)           0.946     4.542    vga_timing/row[15]_i_10_n_6
    SLICE_X1Y84          LUT4 (Prop_lut4_I1_O)        0.306     4.848 r  vga_timing/row[15]_i_4/O
                         net (fo=18, routed)          1.500     6.348    vga_timing/row[15]_i_4_n_0
    SLICE_X4Y82          LUT6 (Prop_lut6_I2_O)        0.124     6.472 f  vga_timing/row[6]_i_3/O
                         net (fo=156, routed)         0.626     7.097    vga_timing/row[15]_1
    SLICE_X6Y83          LUT2 (Prop_lut2_I1_O)        0.124     7.221 r  vga_timing/row[6]_i_1/O
                         net (fo=27, routed)          1.578     8.799    vga_timing/row[15]_0[5]
    SLICE_X11Y68         LUT4 (Prop_lut4_I2_O)        0.124     8.923 r  vga_timing/i__carry_i_5__3/O
                         net (fo=1, routed)           0.000     8.923    vga_renderer/disp_trainC13_inferred__0/i__carry__0_1[3]
    SLICE_X11Y68         CARRY4 (Prop_carry4_S[3]_CO[3])
                                                      0.401     9.324 r  vga_renderer/disp_trainC13_inferred__0/i__carry/CO[3]
                         net (fo=1, routed)           0.000     9.324    vga_renderer/disp_trainC13_inferred__0/i__carry_n_0
    SLICE_X11Y69         CARRY4 (Prop_carry4_CI_CO[3])
                                                      0.114     9.438 f  vga_renderer/disp_trainC13_inferred__0/i__carry__0/CO[3]
                         net (fo=1, routed)           0.758    10.196    train_C/CO[0]
    SLICE_X9Y68          LUT6 (Prop_lut6_I3_O)        0.124    10.320 r  train_C/hdmi_red_sync[3]_i_17/O
                         net (fo=1, routed)           1.237    11.558    vga_timing/hdmi_red_sync[3]_i_2_2
    SLICE_X5Y80          LUT6 (Prop_lut6_I2_O)        0.124    11.682 f  vga_timing/hdmi_red_sync[3]_i_5/O
                         net (fo=3, routed)           0.452    12.134    vga_timing/hdmi_red_sync[3]_i_5_n_0
    SLICE_X4Y81          LUT3 (Prop_lut3_I0_O)        0.124    12.258 r  vga_timing/hdmi_red_sync[1]_i_2/O
                         net (fo=3, routed)           1.101    13.359    vga_timing/hdmi_red_sync[1]_i_2_n_0
    SLICE_X5Y85          LUT6 (Prop_lut6_I0_O)        0.124    13.483 r  vga_timing/hdmi_green_sync[1]_i_1/O
                         net (fo=2, routed)           0.957    14.440    D00_out[1]
    SLICE_X2Y98          FDRE                                         r  hdmi_green_sync[0]/D
  -------------------------------------------------------------------    -------------------

                         (clock clk_out1_clk_wiz_0 rise edge)
                                                     40.000    40.000 r  
    W5                                                0.000    40.000 r  board_clk_i (IN)
                         net (fo=0)                   0.000    40.000    labVGA_clks/my_clk_inst/board_clk_i
    W5                   IBUF (Prop_ibuf_I_O)         1.388    41.388 r  labVGA_clks/my_clk_inst/clkin1_ibufg/O
                         net (fo=1, routed)           1.162    42.550    labVGA_clks/my_clk_inst/clk_in1_clk_wiz_0
    MMCME2_ADV_X1Y0      MMCME2_ADV (Prop_mmcme2_adv_CLKIN1_CLKOUT0)
                                                     -7.217    35.332 r  labVGA_clks/my_clk_inst/mmcm_adv_inst/CLKOUT0
                         net (fo=1, routed)           1.581    36.914    labVGA_clks/slowclk/clk_int
    BUFGCTRL_X0Y0        BUFG (Prop_bufg_I_O)         0.091    37.005 r  labVGA_clks/slowclk/XLXI_401/O
                         net (fo=370, routed)         1.510    38.514    hdmi_clk_o_OBUF
    SLICE_X2Y98          FDRE                                         r  hdmi_green_sync[0]/C
                         clock pessimism              0.562    39.076    
                         clock uncertainty           -0.094    38.982    
    SLICE_X2Y98          FDRE (Setup_fdre_C_D)       -0.031    38.951    hdmi_green_sync[0]
  -------------------------------------------------------------------
                         required time                         38.951    
                         arrival time                         -14.440    
  -------------------------------------------------------------------
                         slack                                 24.510    

Slack (MET) :             24.538ns  (required time - arrival time)
  Source:                 vga_timing/col[15]/C
                            (rising edge-triggered cell FDRE clocked by clk_out1_clk_wiz_0  {rise@0.000ns fall@20.000ns period=40.000ns})
  Destination:            hdmi_red_sync[2]/D
                            (rising edge-triggered cell FDRE clocked by clk_out1_clk_wiz_0  {rise@0.000ns fall@20.000ns period=40.000ns})
  Path Group:             clk_out1_clk_wiz_0
  Path Type:              Setup (Max at Slow Process Corner)
  Requirement:            40.000ns  (clk_out1_clk_wiz_0 rise@40.000ns - clk_out1_clk_wiz_0 rise@0.000ns)
  Data Path Delay:        15.304ns  (logic 3.552ns (23.209%)  route 11.752ns (76.791%))
  Logic Levels:           15  (CARRY4=4 LUT2=2 LUT4=2 LUT6=7)
  Clock Path Skew:        -0.035ns (DCD - SCD + CPR)
    Destination Clock Delay (DCD):    -1.486ns = ( 38.514 - 40.000 ) 
    Source Clock Delay      (SCD):    -0.889ns
    Clock Pessimism Removal (CPR):    0.562ns
  Clock Uncertainty:      0.094ns  ((TSJ^2 + DJ^2)^1/2) / 2 + PE
    Total System Jitter     (TSJ):    0.071ns
    Discrete Jitter          (DJ):    0.175ns
    Phase Error              (PE):    0.000ns

    Location             Delay type                Incr(ns)  Path(ns)    Netlist Resource(s)
  -------------------------------------------------------------------    -------------------
                         (clock clk_out1_clk_wiz_0 rise edge)
                                                      0.000     0.000 r  
    W5                                                0.000     0.000 r  board_clk_i (IN)
                         net (fo=0)                   0.000     0.000    labVGA_clks/my_clk_inst/board_clk_i
    W5                   IBUF (Prop_ibuf_I_O)         1.458     1.458 r  labVGA_clks/my_clk_inst/clkin1_ibufg/O
                         net (fo=1, routed)           1.233     2.691    labVGA_clks/my_clk_inst/clk_in1_clk_wiz_0
    MMCME2_ADV_X1Y0      MMCME2_ADV (Prop_mmcme2_adv_CLKIN1_CLKOUT0)
                                                     -6.961    -4.269 r  labVGA_clks/my_clk_inst/mmcm_adv_inst/CLKOUT0
                         net (fo=1, routed)           1.661    -2.608    labVGA_clks/slowclk/clk_int
    BUFGCTRL_X0Y0        BUFG (Prop_bufg_I_O)         0.096    -2.512 r  labVGA_clks/slowclk/XLXI_401/O
                         net (fo=370, routed)         1.623    -0.889    vga_timing/clk
    SLICE_X6Y93          FDRE                                         r  vga_timing/col[15]/C
  -------------------------------------------------------------------    -------------------
    SLICE_X6Y93          FDRE (Prop_fdre_C_Q)         0.478    -0.411 f  vga_timing/col[15]/Q
                         net (fo=6, routed)           1.026     0.615    vga_timing/Q[14]
    SLICE_X5Y93          LUT6 (Prop_lut6_I1_O)        0.301     0.916 f  vga_timing/hdmi_dispen_sync_i_2/O
                         net (fo=6, routed)           0.419     1.335    vga_timing/hdmi_dispen_sync_i_2_n_0
    SLICE_X5Y93          LUT6 (Prop_lut6_I5_O)        0.124     1.459 r  vga_timing/col[15]_i_3/O
                         net (fo=19, routed)          1.176     2.636    vga_timing/col_wrap
    SLICE_X2Y83          LUT2 (Prop_lut2_I1_O)        0.124     2.760 r  vga_timing/row[15]_i_12/O
                         net (fo=1, routed)           0.000     2.760    vga_timing/row[15]_i_12_n_0
    SLICE_X2Y83          CARRY4 (Prop_carry4_S[0]_CO[3])
                                                      0.513     3.273 r  vga_timing/row[15]_i_8/CO[3]
                         net (fo=1, routed)           0.000     3.273    vga_timing/row[15]_i_8_n_0
    SLICE_X2Y84          CARRY4 (Prop_carry4_CI_O[1])
                                                      0.323     3.596 r  vga_timing/row[15]_i_10/O[1]
                         net (fo=1, routed)           0.946     4.542    vga_timing/row[15]_i_10_n_6
    SLICE_X1Y84          LUT4 (Prop_lut4_I1_O)        0.306     4.848 r  vga_timing/row[15]_i_4/O
                         net (fo=18, routed)          1.500     6.348    vga_timing/row[15]_i_4_n_0
    SLICE_X4Y82          LUT6 (Prop_lut6_I2_O)        0.124     6.472 f  vga_timing/row[6]_i_3/O
                         net (fo=156, routed)         0.626     7.097    vga_timing/row[15]_1
    SLICE_X6Y83          LUT2 (Prop_lut2_I1_O)        0.124     7.221 r  vga_timing/row[6]_i_1/O
                         net (fo=27, routed)          1.578     8.799    vga_timing/row[15]_0[5]
    SLICE_X11Y68         LUT4 (Prop_lut4_I2_O)        0.124     8.923 r  vga_timing/i__carry_i_5__3/O
                         net (fo=1, routed)           0.000     8.923    vga_renderer/disp_trainC13_inferred__0/i__carry__0_1[3]
    SLICE_X11Y68         CARRY4 (Prop_carry4_S[3]_CO[3])
                                                      0.401     9.324 r  vga_renderer/disp_trainC13_inferred__0/i__carry/CO[3]
                         net (fo=1, routed)           0.000     9.324    vga_renderer/disp_trainC13_inferred__0/i__carry_n_0
    SLICE_X11Y69         CARRY4 (Prop_carry4_CI_CO[3])
                                                      0.114     9.438 f  vga_renderer/disp_trainC13_inferred__0/i__carry__0/CO[3]
                         net (fo=1, routed)           0.758    10.196    train_C/CO[0]
    SLICE_X9Y68          LUT6 (Prop_lut6_I3_O)        0.124    10.320 r  train_C/hdmi_red_sync[3]_i_17/O
                         net (fo=1, routed)           1.237    11.558    vga_timing/hdmi_red_sync[3]_i_2_2
    SLICE_X5Y80          LUT6 (Prop_lut6_I2_O)        0.124    11.682 f  vga_timing/hdmi_red_sync[3]_i_5/O
                         net (fo=3, routed)           0.589    12.271    vga_timing/hdmi_red_sync[3]_i_5_n_0
    SLICE_X3Y81          LUT6 (Prop_lut6_I0_O)        0.124    12.395 r  vga_timing/hdmi_red_sync[3]_i_2/O
                         net (fo=3, routed)           0.988    13.383    vga_timing/hdmi_red_sync[3]_i_2_n_0
    SLICE_X5Y84          LUT6 (Prop_lut6_I0_O)        0.124    13.507 r  vga_timing/hdmi_red_sync[3]_i_1/O
                         net (fo=2, routed)           0.908    14.415    D01_out[3]
    SLICE_X2Y98          FDRE                                         r  hdmi_red_sync[2]/D
  -------------------------------------------------------------------    -------------------

                         (clock clk_out1_clk_wiz_0 rise edge)
                                                     40.000    40.000 r  
    W5                                                0.000    40.000 r  board_clk_i (IN)
                         net (fo=0)                   0.000    40.000    labVGA_clks/my_clk_inst/board_clk_i
    W5                   IBUF (Prop_ibuf_I_O)         1.388    41.388 r  labVGA_clks/my_clk_inst/clkin1_ibufg/O
                         net (fo=1, routed)           1.162    42.550    labVGA_clks/my_clk_inst/clk_in1_clk_wiz_0
    MMCME2_ADV_X1Y0      MMCME2_ADV (Prop_mmcme2_adv_CLKIN1_CLKOUT0)
                                                     -7.217    35.332 r  labVGA_clks/my_clk_inst/mmcm_adv_inst/CLKOUT0
                         net (fo=1, routed)           1.581    36.914    labVGA_clks/slowclk/clk_int
    BUFGCTRL_X0Y0        BUFG (Prop_bufg_I_O)         0.091    37.005 r  labVGA_clks/slowclk/XLXI_401/O
                         net (fo=370, routed)         1.510    38.514    hdmi_clk_o_OBUF
    SLICE_X2Y98          FDRE                                         r  hdmi_red_sync[2]/C
                         clock pessimism              0.562    39.076    
                         clock uncertainty           -0.094    38.982    
    SLICE_X2Y98          FDRE (Setup_fdre_C_D)       -0.028    38.954    hdmi_red_sync[2]
  -------------------------------------------------------------------
                         required time                         38.954    
                         arrival time                         -14.415    
  -------------------------------------------------------------------
                         slack                                 24.538    

Slack (MET) :             24.538ns  (required time - arrival time)
  Source:                 vga_timing/col[15]/C
                            (rising edge-triggered cell FDRE clocked by clk_out1_clk_wiz_0  {rise@0.000ns fall@20.000ns period=40.000ns})
  Destination:            hdmi_red_sync[3]/D
                            (rising edge-triggered cell FDRE clocked by clk_out1_clk_wiz_0  {rise@0.000ns fall@20.000ns period=40.000ns})
  Path Group:             clk_out1_clk_wiz_0
  Path Type:              Setup (Max at Slow Process Corner)
  Requirement:            40.000ns  (clk_out1_clk_wiz_0 rise@40.000ns - clk_out1_clk_wiz_0 rise@0.000ns)
  Data Path Delay:        15.304ns  (logic 3.552ns (23.209%)  route 11.752ns (76.791%))
  Logic Levels:           15  (CARRY4=4 LUT2=2 LUT4=2 LUT6=7)
  Clock Path Skew:        -0.035ns (DCD - SCD + CPR)
    Destination Clock Delay (DCD):    -1.486ns = ( 38.514 - 40.000 ) 
    Source Clock Delay      (SCD):    -0.889ns
    Clock Pessimism Removal (CPR):    0.562ns
  Clock Uncertainty:      0.094ns  ((TSJ^2 + DJ^2)^1/2) / 2 + PE
    Total System Jitter     (TSJ):    0.071ns
    Discrete Jitter          (DJ):    0.175ns
    Phase Error              (PE):    0.000ns

    Location             Delay type                Incr(ns)  Path(ns)    Netlist Resource(s)
  -------------------------------------------------------------------    -------------------
                         (clock clk_out1_clk_wiz_0 rise edge)
                                                      0.000     0.000 r  
    W5                                                0.000     0.000 r  board_clk_i (IN)
                         net (fo=0)                   0.000     0.000    labVGA_clks/my_clk_inst/board_clk_i
    W5                   IBUF (Prop_ibuf_I_O)         1.458     1.458 r  labVGA_clks/my_clk_inst/clkin1_ibufg/O
                         net (fo=1, routed)           1.233     2.691    labVGA_clks/my_clk_inst/clk_in1_clk_wiz_0
    MMCME2_ADV_X1Y0      MMCME2_ADV (Prop_mmcme2_adv_CLKIN1_CLKOUT0)
                                                     -6.961    -4.269 r  labVGA_clks/my_clk_inst/mmcm_adv_inst/CLKOUT0
                         net (fo=1, routed)           1.661    -2.608    labVGA_clks/slowclk/clk_int
    BUFGCTRL_X0Y0        BUFG (Prop_bufg_I_O)         0.096    -2.512 r  labVGA_clks/slowclk/XLXI_401/O
                         net (fo=370, routed)         1.623    -0.889    vga_timing/clk
    SLICE_X6Y93          FDRE                                         r  vga_timing/col[15]/C
  -------------------------------------------------------------------    -------------------
    SLICE_X6Y93          FDRE (Prop_fdre_C_Q)         0.478    -0.411 f  vga_timing/col[15]/Q
                         net (fo=6, routed)           1.026     0.615    vga_timing/Q[14]
    SLICE_X5Y93          LUT6 (Prop_lut6_I1_O)        0.301     0.916 f  vga_timing/hdmi_dispen_sync_i_2/O
                         net (fo=6, routed)           0.419     1.335    vga_timing/hdmi_dispen_sync_i_2_n_0
    SLICE_X5Y93          LUT6 (Prop_lut6_I5_O)        0.124     1.459 r  vga_timing/col[15]_i_3/O
                         net (fo=19, routed)          1.176     2.636    vga_timing/col_wrap
    SLICE_X2Y83          LUT2 (Prop_lut2_I1_O)        0.124     2.760 r  vga_timing/row[15]_i_12/O
                         net (fo=1, routed)           0.000     2.760    vga_timing/row[15]_i_12_n_0
    SLICE_X2Y83          CARRY4 (Prop_carry4_S[0]_CO[3])
                                                      0.513     3.273 r  vga_timing/row[15]_i_8/CO[3]
                         net (fo=1, routed)           0.000     3.273    vga_timing/row[15]_i_8_n_0
    SLICE_X2Y84          CARRY4 (Prop_carry4_CI_O[1])
                                                      0.323     3.596 r  vga_timing/row[15]_i_10/O[1]
                         net (fo=1, routed)           0.946     4.542    vga_timing/row[15]_i_10_n_6
    SLICE_X1Y84          LUT4 (Prop_lut4_I1_O)        0.306     4.848 r  vga_timing/row[15]_i_4/O
                         net (fo=18, routed)          1.500     6.348    vga_timing/row[15]_i_4_n_0
    SLICE_X4Y82          LUT6 (Prop_lut6_I2_O)        0.124     6.472 f  vga_timing/row[6]_i_3/O
                         net (fo=156, routed)         0.626     7.097    vga_timing/row[15]_1
    SLICE_X6Y83          LUT2 (Prop_lut2_I1_O)        0.124     7.221 r  vga_timing/row[6]_i_1/O
                         net (fo=27, routed)          1.578     8.799    vga_timing/row[15]_0[5]
    SLICE_X11Y68         LUT4 (Prop_lut4_I2_O)        0.124     8.923 r  vga_timing/i__carry_i_5__3/O
                         net (fo=1, routed)           0.000     8.923    vga_renderer/disp_trainC13_inferred__0/i__carry__0_1[3]
    SLICE_X11Y68         CARRY4 (Prop_carry4_S[3]_CO[3])
                                                      0.401     9.324 r  vga_renderer/disp_trainC13_inferred__0/i__carry/CO[3]
                         net (fo=1, routed)           0.000     9.324    vga_renderer/disp_trainC13_inferred__0/i__carry_n_0
    SLICE_X11Y69         CARRY4 (Prop_carry4_CI_CO[3])
                                                      0.114     9.438 f  vga_renderer/disp_trainC13_inferred__0/i__carry__0/CO[3]
                         net (fo=1, routed)           0.758    10.196    train_C/CO[0]
    SLICE_X9Y68          LUT6 (Prop_lut6_I3_O)        0.124    10.320 r  train_C/hdmi_red_sync[3]_i_17/O
                         net (fo=1, routed)           1.237    11.558    vga_timing/hdmi_red_sync[3]_i_2_2
    SLICE_X5Y80          LUT6 (Prop_lut6_I2_O)        0.124    11.682 f  vga_timing/hdmi_red_sync[3]_i_5/O
                         net (fo=3, routed)           0.589    12.271    vga_timing/hdmi_red_sync[3]_i_5_n_0
    SLICE_X3Y81          LUT6 (Prop_lut6_I0_O)        0.124    12.395 r  vga_timing/hdmi_red_sync[3]_i_2/O
                         net (fo=3, routed)           0.988    13.383    vga_timing/hdmi_red_sync[3]_i_2_n_0
    SLICE_X5Y84          LUT6 (Prop_lut6_I0_O)        0.124    13.507 r  vga_timing/hdmi_red_sync[3]_i_1/O
                         net (fo=2, routed)           0.908    14.415    D01_out[3]
    SLICE_X2Y98          FDRE                                         r  hdmi_red_sync[3]/D
  -------------------------------------------------------------------    -------------------

                         (clock clk_out1_clk_wiz_0 rise edge)
                                                     40.000    40.000 r  
    W5                                                0.000    40.000 r  board_clk_i (IN)
                         net (fo=0)                   0.000    40.000    labVGA_clks/my_clk_inst/board_clk_i
    W5                   IBUF (Prop_ibuf_I_O)         1.388    41.388 r  labVGA_clks/my_clk_inst/clkin1_ibufg/O
                         net (fo=1, routed)           1.162    42.550    labVGA_clks/my_clk_inst/clk_in1_clk_wiz_0
    MMCME2_ADV_X1Y0      MMCME2_ADV (Prop_mmcme2_adv_CLKIN1_CLKOUT0)
                                                     -7.217    35.332 r  labVGA_clks/my_clk_inst/mmcm_adv_inst/CLKOUT0
                         net (fo=1, routed)           1.581    36.914    labVGA_clks/slowclk/clk_int
    BUFGCTRL_X0Y0        BUFG (Prop_bufg_I_O)         0.091    37.005 r  labVGA_clks/slowclk/XLXI_401/O
                         net (fo=370, routed)         1.510    38.514    hdmi_clk_o_OBUF
    SLICE_X2Y98          FDRE                                         r  hdmi_red_sync[3]/C
                         clock pessimism              0.562    39.076    
                         clock uncertainty           -0.094    38.982    
    SLICE_X2Y98          FDRE (Setup_fdre_C_D)       -0.028    38.954    hdmi_red_sync[3]
  -------------------------------------------------------------------
                         required time                         38.954    
                         arrival time                         -14.415    
  -------------------------------------------------------------------
                         slack                                 24.538    

Slack (MET) :             25.233ns  (required time - arrival time)
  Source:                 vga_timing/col[15]/C
                            (rising edge-triggered cell FDRE clocked by clk_out1_clk_wiz_0  {rise@0.000ns fall@20.000ns period=40.000ns})
  Destination:            hdmi_blue_sync[0]/D
                            (rising edge-triggered cell FDRE clocked by clk_out1_clk_wiz_0  {rise@0.000ns fall@20.000ns period=40.000ns})
  Path Group:             clk_out1_clk_wiz_0
  Path Type:              Setup (Max at Slow Process Corner)
  Requirement:            40.000ns  (clk_out1_clk_wiz_0 rise@40.000ns - clk_out1_clk_wiz_0 rise@0.000ns)
  Data Path Delay:        14.522ns  (logic 3.552ns (24.459%)  route 10.970ns (75.541%))
  Logic Levels:           15  (CARRY4=4 LUT2=2 LUT4=2 LUT5=1 LUT6=6)
  Clock Path Skew:        -0.048ns (DCD - SCD + CPR)
    Destination Clock Delay (DCD):    -1.499ns = ( 38.501 - 40.000 ) 
    Source Clock Delay      (SCD):    -0.889ns
    Clock Pessimism Removal (CPR):    0.562ns
  Clock Uncertainty:      0.094ns  ((TSJ^2 + DJ^2)^1/2) / 2 + PE
    Total System Jitter     (TSJ):    0.071ns
    Discrete Jitter          (DJ):    0.175ns
    Phase Error              (PE):    0.000ns

    Location             Delay type                Incr(ns)  Path(ns)    Netlist Resource(s)
  -------------------------------------------------------------------    -------------------
                         (clock clk_out1_clk_wiz_0 rise edge)
                                                      0.000     0.000 r  
    W5                                                0.000     0.000 r  board_clk_i (IN)
                         net (fo=0)                   0.000     0.000    labVGA_clks/my_clk_inst/board_clk_i
    W5                   IBUF (Prop_ibuf_I_O)         1.458     1.458 r  labVGA_clks/my_clk_inst/clkin1_ibufg/O
                         net (fo=1, routed)           1.233     2.691    labVGA_clks/my_clk_inst/clk_in1_clk_wiz_0
    MMCME2_ADV_X1Y0      MMCME2_ADV (Prop_mmcme2_adv_CLKIN1_CLKOUT0)
                                                     -6.961    -4.269 r  labVGA_clks/my_clk_inst/mmcm_adv_inst/CLKOUT0
                         net (fo=1, routed)           1.661    -2.608    labVGA_clks/slowclk/clk_int
    BUFGCTRL_X0Y0        BUFG (Prop_bufg_I_O)         0.096    -2.512 r  labVGA_clks/slowclk/XLXI_401/O
                         net (fo=370, routed)         1.623    -0.889    vga_timing/clk
    SLICE_X6Y93          FDRE                                         r  vga_timing/col[15]/C
  -------------------------------------------------------------------    -------------------
    SLICE_X6Y93          FDRE (Prop_fdre_C_Q)         0.478    -0.411 f  vga_timing/col[15]/Q
                         net (fo=6, routed)           1.026     0.615    vga_timing/Q[14]
    SLICE_X5Y93          LUT6 (Prop_lut6_I1_O)        0.301     0.916 f  vga_timing/hdmi_dispen_sync_i_2/O
                         net (fo=6, routed)           0.419     1.335    vga_timing/hdmi_dispen_sync_i_2_n_0
    SLICE_X5Y93          LUT6 (Prop_lut6_I5_O)        0.124     1.459 r  vga_timing/col[15]_i_3/O
                         net (fo=19, routed)          1.176     2.636    vga_timing/col_wrap
    SLICE_X2Y83          LUT2 (Prop_lut2_I1_O)        0.124     2.760 r  vga_timing/row[15]_i_12/O
                         net (fo=1, routed)           0.000     2.760    vga_timing/row[15]_i_12_n_0
    SLICE_X2Y83          CARRY4 (Prop_carry4_S[0]_CO[3])
                                                      0.513     3.273 r  vga_timing/row[15]_i_8/CO[3]
                         net (fo=1, routed)           0.000     3.273    vga_timing/row[15]_i_8_n_0
    SLICE_X2Y84          CARRY4 (Prop_carry4_CI_O[1])
                                                      0.323     3.596 r  vga_timing/row[15]_i_10/O[1]
                         net (fo=1, routed)           0.946     4.542    vga_timing/row[15]_i_10_n_6
    SLICE_X1Y84          LUT4 (Prop_lut4_I1_O)        0.306     4.848 r  vga_timing/row[15]_i_4/O
                         net (fo=18, routed)          1.500     6.348    vga_timing/row[15]_i_4_n_0
    SLICE_X4Y82          LUT6 (Prop_lut6_I2_O)        0.124     6.472 f  vga_timing/row[6]_i_3/O
                         net (fo=156, routed)         0.626     7.097    vga_timing/row[15]_1
    SLICE_X6Y83          LUT2 (Prop_lut2_I1_O)        0.124     7.221 r  vga_timing/row[6]_i_1/O
                         net (fo=27, routed)          1.578     8.799    vga_timing/row[15]_0[5]
    SLICE_X11Y68         LUT4 (Prop_lut4_I2_O)        0.124     8.923 r  vga_timing/i__carry_i_5__3/O
                         net (fo=1, routed)           0.000     8.923    vga_renderer/disp_trainC13_inferred__0/i__carry__0_1[3]
    SLICE_X11Y68         CARRY4 (Prop_carry4_S[3]_CO[3])
                                                      0.401     9.324 r  vga_renderer/disp_trainC13_inferred__0/i__carry/CO[3]
                         net (fo=1, routed)           0.000     9.324    vga_renderer/disp_trainC13_inferred__0/i__carry_n_0
    SLICE_X11Y69         CARRY4 (Prop_carry4_CI_CO[3])
                                                      0.114     9.438 r  vga_renderer/disp_trainC13_inferred__0/i__carry__0/CO[3]
                         net (fo=1, routed)           0.758    10.196    train_C/CO[0]
    SLICE_X9Y68          LUT6 (Prop_lut6_I3_O)        0.124    10.320 f  train_C/hdmi_red_sync[3]_i_17/O
                         net (fo=1, routed)           1.237    11.558    vga_timing/hdmi_red_sync[3]_i_2_2
    SLICE_X5Y80          LUT6 (Prop_lut6_I2_O)        0.124    11.682 r  vga_timing/hdmi_red_sync[3]_i_5/O
                         net (fo=3, routed)           0.477    12.159    vga_timing/hdmi_red_sync[3]_i_5_n_0
    SLICE_X3Y81          LUT6 (Prop_lut6_I5_O)        0.124    12.283 f  vga_timing/hdmi_blue_sync[3]_i_2/O
                         net (fo=3, routed)           0.487    12.769    vga_timing/hdmi_blue_sync[3]_i_2_n_0
    SLICE_X2Y81          LUT5 (Prop_lut5_I2_O)        0.124    12.893 r  vga_timing/hdmi_blue_sync[1]_i_1/O
                         net (fo=2, routed)           0.740    13.633    D0[1]
    SLICE_X0Y78          FDRE                                         r  hdmi_blue_sync[0]/D
  -------------------------------------------------------------------    -------------------

                         (clock clk_out1_clk_wiz_0 rise edge)
                                                     40.000    40.000 r  
    W5                                                0.000    40.000 r  board_clk_i (IN)
                         net (fo=0)                   0.000    40.000    labVGA_clks/my_clk_inst/board_clk_i
    W5                   IBUF (Prop_ibuf_I_O)         1.388    41.388 r  labVGA_clks/my_clk_inst/clkin1_ibufg/O
                         net (fo=1, routed)           1.162    42.550    labVGA_clks/my_clk_inst/clk_in1_clk_wiz_0
    MMCME2_ADV_X1Y0      MMCME2_ADV (Prop_mmcme2_adv_CLKIN1_CLKOUT0)
                                                     -7.217    35.332 r  labVGA_clks/my_clk_inst/mmcm_adv_inst/CLKOUT0
                         net (fo=1, routed)           1.581    36.914    labVGA_clks/slowclk/clk_int
    BUFGCTRL_X0Y0        BUFG (Prop_bufg_I_O)         0.091    37.005 r  labVGA_clks/slowclk/XLXI_401/O
                         net (fo=370, routed)         1.497    38.501    hdmi_clk_o_OBUF
    SLICE_X0Y78          FDRE                                         r  hdmi_blue_sync[0]/C
                         clock pessimism              0.562    39.063    
                         clock uncertainty           -0.094    38.969    
    SLICE_X0Y78          FDRE (Setup_fdre_C_D)       -0.103    38.866    hdmi_blue_sync[0]
  -------------------------------------------------------------------
                         required time                         38.866    
                         arrival time                         -13.633    
  -------------------------------------------------------------------
                         slack                                 25.233    

Slack (MET) :             25.244ns  (required time - arrival time)
  Source:                 vga_timing/col[15]/C
                            (rising edge-triggered cell FDRE clocked by clk_out1_clk_wiz_0  {rise@0.000ns fall@20.000ns period=40.000ns})
  Destination:            hdmi_blue_sync[1]/D
                            (rising edge-triggered cell FDRE clocked by clk_out1_clk_wiz_0  {rise@0.000ns fall@20.000ns period=40.000ns})
  Path Group:             clk_out1_clk_wiz_0
  Path Type:              Setup (Max at Slow Process Corner)
  Requirement:            40.000ns  (clk_out1_clk_wiz_0 rise@40.000ns - clk_out1_clk_wiz_0 rise@0.000ns)
  Data Path Delay:        14.511ns  (logic 3.552ns (24.478%)  route 10.959ns (75.522%))
  Logic Levels:           15  (CARRY4=4 LUT2=2 LUT4=2 LUT5=1 LUT6=6)
  Clock Path Skew:        -0.048ns (DCD - SCD + CPR)
    Destination Clock Delay (DCD):    -1.499ns = ( 38.501 - 40.000 ) 
    Source Clock Delay      (SCD):    -0.889ns
    Clock Pessimism Removal (CPR):    0.562ns
  Clock Uncertainty:      0.094ns  ((TSJ^2 + DJ^2)^1/2) / 2 + PE
    Total System Jitter     (TSJ):    0.071ns
    Discrete Jitter          (DJ):    0.175ns
    Phase Error              (PE):    0.000ns

    Location             Delay type                Incr(ns)  Path(ns)    Netlist Resource(s)
  -------------------------------------------------------------------    -------------------
                         (clock clk_out1_clk_wiz_0 rise edge)
                                                      0.000     0.000 r  
    W5                                                0.000     0.000 r  board_clk_i (IN)
                         net (fo=0)                   0.000     0.000    labVGA_clks/my_clk_inst/board_clk_i
    W5                   IBUF (Prop_ibuf_I_O)         1.458     1.458 r  labVGA_clks/my_clk_inst/clkin1_ibufg/O
                         net (fo=1, routed)           1.233     2.691    labVGA_clks/my_clk_inst/clk_in1_clk_wiz_0
    MMCME2_ADV_X1Y0      MMCME2_ADV (Prop_mmcme2_adv_CLKIN1_CLKOUT0)
                                                     -6.961    -4.269 r  labVGA_clks/my_clk_inst/mmcm_adv_inst/CLKOUT0
                         net (fo=1, routed)           1.661    -2.608    labVGA_clks/slowclk/clk_int
    BUFGCTRL_X0Y0        BUFG (Prop_bufg_I_O)         0.096    -2.512 r  labVGA_clks/slowclk/XLXI_401/O
                         net (fo=370, routed)         1.623    -0.889    vga_timing/clk
    SLICE_X6Y93          FDRE                                         r  vga_timing/col[15]/C
  -------------------------------------------------------------------    -------------------
    SLICE_X6Y93          FDRE (Prop_fdre_C_Q)         0.478    -0.411 f  vga_timing/col[15]/Q
                         net (fo=6, routed)           1.026     0.615    vga_timing/Q[14]
    SLICE_X5Y93          LUT6 (Prop_lut6_I1_O)        0.301     0.916 f  vga_timing/hdmi_dispen_sync_i_2/O
                         net (fo=6, routed)           0.419     1.335    vga_timing/hdmi_dispen_sync_i_2_n_0
    SLICE_X5Y93          LUT6 (Prop_lut6_I5_O)        0.124     1.459 r  vga_timing/col[15]_i_3/O
                         net (fo=19, routed)          1.176     2.636    vga_timing/col_wrap
    SLICE_X2Y83          LUT2 (Prop_lut2_I1_O)        0.124     2.760 r  vga_timing/row[15]_i_12/O
                         net (fo=1, routed)           0.000     2.760    vga_timing/row[15]_i_12_n_0
    SLICE_X2Y83          CARRY4 (Prop_carry4_S[0]_CO[3])
                                                      0.513     3.273 r  vga_timing/row[15]_i_8/CO[3]
                         net (fo=1, routed)           0.000     3.273    vga_timing/row[15]_i_8_n_0
    SLICE_X2Y84          CARRY4 (Prop_carry4_CI_O[1])
                                                      0.323     3.596 r  vga_timing/row[15]_i_10/O[1]
                         net (fo=1, routed)           0.946     4.542    vga_timing/row[15]_i_10_n_6
    SLICE_X1Y84          LUT4 (Prop_lut4_I1_O)        0.306     4.848 r  vga_timing/row[15]_i_4/O
                         net (fo=18, routed)          1.500     6.348    vga_timing/row[15]_i_4_n_0
    SLICE_X4Y82          LUT6 (Prop_lut6_I2_O)        0.124     6.472 f  vga_timing/row[6]_i_3/O
                         net (fo=156, routed)         0.626     7.097    vga_timing/row[15]_1
    SLICE_X6Y83          LUT2 (Prop_lut2_I1_O)        0.124     7.221 r  vga_timing/row[6]_i_1/O
                         net (fo=27, routed)          1.578     8.799    vga_timing/row[15]_0[5]
    SLICE_X11Y68         LUT4 (Prop_lut4_I2_O)        0.124     8.923 r  vga_timing/i__carry_i_5__3/O
                         net (fo=1, routed)           0.000     8.923    vga_renderer/disp_trainC13_inferred__0/i__carry__0_1[3]
    SLICE_X11Y68         CARRY4 (Prop_carry4_S[3]_CO[3])
                                                      0.401     9.324 r  vga_renderer/disp_trainC13_inferred__0/i__carry/CO[3]
                         net (fo=1, routed)           0.000     9.324    vga_renderer/disp_trainC13_inferred__0/i__carry_n_0
    SLICE_X11Y69         CARRY4 (Prop_carry4_CI_CO[3])
                                                      0.114     9.438 r  vga_renderer/disp_trainC13_inferred__0/i__carry__0/CO[3]
                         net (fo=1, routed)           0.758    10.196    train_C/CO[0]
    SLICE_X9Y68          LUT6 (Prop_lut6_I3_O)        0.124    10.320 f  train_C/hdmi_red_sync[3]_i_17/O
                         net (fo=1, routed)           1.237    11.558    vga_timing/hdmi_red_sync[3]_i_2_2
    SLICE_X5Y80          LUT6 (Prop_lut6_I2_O)        0.124    11.682 r  vga_timing/hdmi_red_sync[3]_i_5/O
                         net (fo=3, routed)           0.477    12.159    vga_timing/hdmi_red_sync[3]_i_5_n_0
    SLICE_X3Y81          LUT6 (Prop_lut6_I5_O)        0.124    12.283 f  vga_timing/hdmi_blue_sync[3]_i_2/O
                         net (fo=3, routed)           0.487    12.769    vga_timing/hdmi_blue_sync[3]_i_2_n_0
    SLICE_X2Y81          LUT5 (Prop_lut5_I2_O)        0.124    12.893 r  vga_timing/hdmi_blue_sync[1]_i_1/O
                         net (fo=2, routed)           0.728    13.622    D0[1]
    SLICE_X0Y78          FDRE                                         r  hdmi_blue_sync[1]/D
  -------------------------------------------------------------------    -------------------

                         (clock clk_out1_clk_wiz_0 rise edge)
                                                     40.000    40.000 r  
    W5                                                0.000    40.000 r  board_clk_i (IN)
                         net (fo=0)                   0.000    40.000    labVGA_clks/my_clk_inst/board_clk_i
    W5                   IBUF (Prop_ibuf_I_O)         1.388    41.388 r  labVGA_clks/my_clk_inst/clkin1_ibufg/O
                         net (fo=1, routed)           1.162    42.550    labVGA_clks/my_clk_inst/clk_in1_clk_wiz_0
    MMCME2_ADV_X1Y0      MMCME2_ADV (Prop_mmcme2_adv_CLKIN1_CLKOUT0)
                                                     -7.217    35.332 r  labVGA_clks/my_clk_inst/mmcm_adv_inst/CLKOUT0
                         net (fo=1, routed)           1.581    36.914    labVGA_clks/slowclk/clk_int
    BUFGCTRL_X0Y0        BUFG (Prop_bufg_I_O)         0.091    37.005 r  labVGA_clks/slowclk/XLXI_401/O
                         net (fo=370, routed)         1.497    38.501    hdmi_clk_o_OBUF
    SLICE_X0Y78          FDRE                                         r  hdmi_blue_sync[1]/C
                         clock pessimism              0.562    39.063    
                         clock uncertainty           -0.094    38.969    
    SLICE_X0Y78          FDRE (Setup_fdre_C_D)       -0.103    38.866    hdmi_blue_sync[1]
  -------------------------------------------------------------------
                         required time                         38.866    
                         arrival time                         -13.622    
  -------------------------------------------------------------------
                         slack                                 25.244    

Slack (MET) :             25.547ns  (required time - arrival time)
  Source:                 vga_timing/col[15]/C
                            (rising edge-triggered cell FDRE clocked by clk_out1_clk_wiz_0  {rise@0.000ns fall@20.000ns period=40.000ns})
  Destination:            hdmi_green_sync[2]/D
                            (rising edge-triggered cell FDRE clocked by clk_out1_clk_wiz_0  {rise@0.000ns fall@20.000ns period=40.000ns})
  Path Group:             clk_out1_clk_wiz_0
  Path Type:              Setup (Max at Slow Process Corner)
  Requirement:            40.000ns  (clk_out1_clk_wiz_0 rise@40.000ns - clk_out1_clk_wiz_0 rise@0.000ns)
  Data Path Delay:        14.358ns  (logic 3.552ns (24.738%)  route 10.806ns (75.262%))
  Logic Levels:           15  (CARRY4=4 LUT2=2 LUT4=2 LUT6=7)
  Clock Path Skew:        -0.031ns (DCD - SCD + CPR)
    Destination Clock Delay (DCD):    -1.495ns = ( 38.505 - 40.000 ) 
    Source Clock Delay      (SCD):    -0.889ns
    Clock Pessimism Removal (CPR):    0.575ns
  Clock Uncertainty:      0.094ns  ((TSJ^2 + DJ^2)^1/2) / 2 + PE
    Total System Jitter     (TSJ):    0.071ns
    Discrete Jitter          (DJ):    0.175ns
    Phase Error              (PE):    0.000ns

    Location             Delay type                Incr(ns)  Path(ns)    Netlist Resource(s)
  -------------------------------------------------------------------    -------------------
                         (clock clk_out1_clk_wiz_0 rise edge)
                                                      0.000     0.000 r  
    W5                                                0.000     0.000 r  board_clk_i (IN)
                         net (fo=0)                   0.000     0.000    labVGA_clks/my_clk_inst/board_clk_i
    W5                   IBUF (Prop_ibuf_I_O)         1.458     1.458 r  labVGA_clks/my_clk_inst/clkin1_ibufg/O
                         net (fo=1, routed)           1.233     2.691    labVGA_clks/my_clk_inst/clk_in1_clk_wiz_0
    MMCME2_ADV_X1Y0      MMCME2_ADV (Prop_mmcme2_adv_CLKIN1_CLKOUT0)
                                                     -6.961    -4.269 r  labVGA_clks/my_clk_inst/mmcm_adv_inst/CLKOUT0
                         net (fo=1, routed)           1.661    -2.608    labVGA_clks/slowclk/clk_int
    BUFGCTRL_X0Y0        BUFG (Prop_bufg_I_O)         0.096    -2.512 r  labVGA_clks/slowclk/XLXI_401/O
                         net (fo=370, routed)         1.623    -0.889    vga_timing/clk
    SLICE_X6Y93          FDRE                                         r  vga_timing/col[15]/C
  -------------------------------------------------------------------    -------------------
    SLICE_X6Y93          FDRE (Prop_fdre_C_Q)         0.478    -0.411 f  vga_timing/col[15]/Q
                         net (fo=6, routed)           1.026     0.615    vga_timing/Q[14]
    SLICE_X5Y93          LUT6 (Prop_lut6_I1_O)        0.301     0.916 f  vga_timing/hdmi_dispen_sync_i_2/O
                         net (fo=6, routed)           0.419     1.335    vga_timing/hdmi_dispen_sync_i_2_n_0
    SLICE_X5Y93          LUT6 (Prop_lut6_I5_O)        0.124     1.459 r  vga_timing/col[15]_i_3/O
                         net (fo=19, routed)          1.176     2.636    vga_timing/col_wrap
    SLICE_X2Y83          LUT2 (Prop_lut2_I1_O)        0.124     2.760 r  vga_timing/row[15]_i_12/O
                         net (fo=1, routed)           0.000     2.760    vga_timing/row[15]_i_12_n_0
    SLICE_X2Y83          CARRY4 (Prop_carry4_S[0]_CO[3])
                                                      0.513     3.273 r  vga_timing/row[15]_i_8/CO[3]
                         net (fo=1, routed)           0.000     3.273    vga_timing/row[15]_i_8_n_0
    SLICE_X2Y84          CARRY4 (Prop_carry4_CI_O[1])
                                                      0.323     3.596 r  vga_timing/row[15]_i_10/O[1]
                         net (fo=1, routed)           0.946     4.542    vga_timing/row[15]_i_10_n_6
    SLICE_X1Y84          LUT4 (Prop_lut4_I1_O)        0.306     4.848 r  vga_timing/row[15]_i_4/O
                         net (fo=18, routed)          1.500     6.348    vga_timing/row[15]_i_4_n_0
    SLICE_X4Y82          LUT6 (Prop_lut6_I2_O)        0.124     6.472 f  vga_timing/row[6]_i_3/O
                         net (fo=156, routed)         0.626     7.097    vga_timing/row[15]_1
    SLICE_X6Y83          LUT2 (Prop_lut2_I1_O)        0.124     7.221 r  vga_timing/row[6]_i_1/O
                         net (fo=27, routed)          1.578     8.799    vga_timing/row[15]_0[5]
    SLICE_X11Y68         LUT4 (Prop_lut4_I2_O)        0.124     8.923 r  vga_timing/i__carry_i_5__3/O
                         net (fo=1, routed)           0.000     8.923    vga_renderer/disp_trainC13_inferred__0/i__carry__0_1[3]
    SLICE_X11Y68         CARRY4 (Prop_carry4_S[3]_CO[3])
                                                      0.401     9.324 r  vga_renderer/disp_trainC13_inferred__0/i__carry/CO[3]
                         net (fo=1, routed)           0.000     9.324    vga_renderer/disp_trainC13_inferred__0/i__carry_n_0
    SLICE_X11Y69         CARRY4 (Prop_carry4_CI_CO[3])
                                                      0.114     9.438 f  vga_renderer/disp_trainC13_inferred__0/i__carry__0/CO[3]
                         net (fo=1, routed)           0.758    10.196    train_C/CO[0]
    SLICE_X9Y68          LUT6 (Prop_lut6_I3_O)        0.124    10.320 r  train_C/hdmi_red_sync[3]_i_17/O
                         net (fo=1, routed)           1.237    11.558    vga_timing/hdmi_red_sync[3]_i_2_2
    SLICE_X5Y80          LUT6 (Prop_lut6_I2_O)        0.124    11.682 f  vga_timing/hdmi_red_sync[3]_i_5/O
                         net (fo=3, routed)           0.589    12.271    vga_timing/hdmi_red_sync[3]_i_5_n_0
    SLICE_X3Y81          LUT6 (Prop_lut6_I0_O)        0.124    12.395 r  vga_timing/hdmi_red_sync[3]_i_2/O
                         net (fo=3, routed)           0.951    13.345    vga_timing/hdmi_red_sync[3]_i_2_n_0
    SLICE_X5Y84          LUT6 (Prop_lut6_I0_O)        0.124    13.469 r  vga_timing/hdmi_green_sync[2]_i_1/O
                         net (fo=1, routed)           0.000    13.469    D00_out[2]
    SLICE_X5Y84          FDRE                                         r  hdmi_green_sync[2]/D
  -------------------------------------------------------------------    -------------------

                         (clock clk_out1_clk_wiz_0 rise edge)
                                                     40.000    40.000 r  
    W5                                                0.000    40.000 r  board_clk_i (IN)
                         net (fo=0)                   0.000    40.000    labVGA_clks/my_clk_inst/board_clk_i
    W5                   IBUF (Prop_ibuf_I_O)         1.388    41.388 r  labVGA_clks/my_clk_inst/clkin1_ibufg/O
                         net (fo=1, routed)           1.162    42.550    labVGA_clks/my_clk_inst/clk_in1_clk_wiz_0
    MMCME2_ADV_X1Y0      MMCME2_ADV (Prop_mmcme2_adv_CLKIN1_CLKOUT0)
                                                     -7.217    35.332 r  labVGA_clks/my_clk_inst/mmcm_adv_inst/CLKOUT0
                         net (fo=1, routed)           1.581    36.914    labVGA_clks/slowclk/clk_int
    BUFGCTRL_X0Y0        BUFG (Prop_bufg_I_O)         0.091    37.005 r  labVGA_clks/slowclk/XLXI_401/O
                         net (fo=370, routed)         1.501    38.505    hdmi_clk_o_OBUF
    SLICE_X5Y84          FDRE                                         r  hdmi_green_sync[2]/C
                         clock pessimism              0.575    39.080    
                         clock uncertainty           -0.094    38.986    
    SLICE_X5Y84          FDRE (Setup_fdre_C_D)        0.031    39.017    hdmi_green_sync[2]
  -------------------------------------------------------------------
                         required time                         39.017    
                         arrival time                         -13.469    
  -------------------------------------------------------------------
                         slack                                 25.547    

Slack (MET) :             25.830ns  (required time - arrival time)
  Source:                 vga_timing/col[15]/C
                            (rising edge-triggered cell FDRE clocked by clk_out1_clk_wiz_0  {rise@0.000ns fall@20.000ns period=40.000ns})
  Destination:            train_R/genblk2[4].FF_82/D
                            (rising edge-triggered cell FDRE clocked by clk_out1_clk_wiz_0  {rise@0.000ns fall@20.000ns period=40.000ns})
  Path Group:             clk_out1_clk_wiz_0
  Path Type:              Setup (Max at Slow Process Corner)
  Requirement:            40.000ns  (clk_out1_clk_wiz_0 rise@40.000ns - clk_out1_clk_wiz_0 rise@0.000ns)
  Data Path Delay:        14.064ns  (logic 3.699ns (26.301%)  route 10.365ns (73.699%))
  Logic Levels:           13  (CARRY4=4 LUT2=2 LUT4=1 LUT5=1 LUT6=5)
  Clock Path Skew:        -0.043ns (DCD - SCD + CPR)
    Destination Clock Delay (DCD):    -1.494ns = ( 38.506 - 40.000 ) 
    Source Clock Delay      (SCD):    -0.889ns
    Clock Pessimism Removal (CPR):    0.562ns
  Clock Uncertainty:      0.094ns  ((TSJ^2 + DJ^2)^1/2) / 2 + PE
    Total System Jitter     (TSJ):    0.071ns
    Discrete Jitter          (DJ):    0.175ns
    Phase Error              (PE):    0.000ns

    Location             Delay type                Incr(ns)  Path(ns)    Netlist Resource(s)
  -------------------------------------------------------------------    -------------------
                         (clock clk_out1_clk_wiz_0 rise edge)
                                                      0.000     0.000 r  
    W5                                                0.000     0.000 r  board_clk_i (IN)
                         net (fo=0)                   0.000     0.000    labVGA_clks/my_clk_inst/board_clk_i
    W5                   IBUF (Prop_ibuf_I_O)         1.458     1.458 r  labVGA_clks/my_clk_inst/clkin1_ibufg/O
                         net (fo=1, routed)           1.233     2.691    labVGA_clks/my_clk_inst/clk_in1_clk_wiz_0
    MMCME2_ADV_X1Y0      MMCME2_ADV (Prop_mmcme2_adv_CLKIN1_CLKOUT0)
                                                     -6.961    -4.269 r  labVGA_clks/my_clk_inst/mmcm_adv_inst/CLKOUT0
                         net (fo=1, routed)           1.661    -2.608    labVGA_clks/slowclk/clk_int
    BUFGCTRL_X0Y0        BUFG (Prop_bufg_I_O)         0.096    -2.512 r  labVGA_clks/slowclk/XLXI_401/O
                         net (fo=370, routed)         1.623    -0.889    vga_timing/clk
    SLICE_X6Y93          FDRE                                         r  vga_timing/col[15]/C
  -------------------------------------------------------------------    -------------------
    SLICE_X6Y93          FDRE (Prop_fdre_C_Q)         0.478    -0.411 f  vga_timing/col[15]/Q
                         net (fo=6, routed)           1.026     0.615    vga_timing/Q[14]
    SLICE_X5Y93          LUT6 (Prop_lut6_I1_O)        0.301     0.916 f  vga_timing/hdmi_dispen_sync_i_2/O
                         net (fo=6, routed)           0.419     1.335    vga_timing/hdmi_dispen_sync_i_2_n_0
    SLICE_X5Y93          LUT6 (Prop_lut6_I5_O)        0.124     1.459 r  vga_timing/col[15]_i_3/O
                         net (fo=19, routed)          1.176     2.636    vga_timing/col_wrap
    SLICE_X2Y83          LUT2 (Prop_lut2_I1_O)        0.124     2.760 r  vga_timing/row[15]_i_12/O
                         net (fo=1, routed)           0.000     2.760    vga_timing/row[15]_i_12_n_0
    SLICE_X2Y83          CARRY4 (Prop_carry4_S[0]_CO[3])
                                                      0.513     3.273 r  vga_timing/row[15]_i_8/CO[3]
                         net (fo=1, routed)           0.000     3.273    vga_timing/row[15]_i_8_n_0
    SLICE_X2Y84          CARRY4 (Prop_carry4_CI_O[1])
                                                      0.323     3.596 f  vga_timing/row[15]_i_10/O[1]
                         net (fo=1, routed)           0.946     4.542    vga_timing/row[15]_i_10_n_6
    SLICE_X1Y84          LUT4 (Prop_lut4_I1_O)        0.306     4.848 f  vga_timing/row[15]_i_4/O
                         net (fo=18, routed)          1.500     6.348    vga_timing/row[15]_i_4_n_0
    SLICE_X4Y82          LUT6 (Prop_lut6_I2_O)        0.124     6.472 r  vga_timing/row[6]_i_3/O
                         net (fo=156, routed)         0.626     7.097    vga_timing/row[15]_1
    SLICE_X6Y83          LUT2 (Prop_lut2_I1_O)        0.124     7.221 f  vga_timing/row[6]_i_1/O
                         net (fo=27, routed)          0.888     8.110    vga_timing/row[15]_0[5]
    SLICE_X6Y82          LUT6 (Prop_lut6_I2_O)        0.124     8.234 f  vga_timing/genblk2[1].FF_70_i_2/O
                         net (fo=71, routed)          2.828    11.062    train_R/FF_106_1
    SLICE_X7Y62          LUT5 (Prop_lut5_I4_O)        0.124    11.186 r  train_R/train1_delay_d3_carry_i_2__1/O
                         net (fo=1, routed)           0.332    11.517    train_R/train1_delay_d3_carry_i_2__1_n_0
    SLICE_X6Y62          CARRY4 (Prop_carry4_DI[1]_CO[3])
                                                      0.520    12.037 r  train_R/train1_delay_d3_carry/CO[3]
                         net (fo=1, routed)           0.000    12.037    train_R/train1_delay_d3_carry_n_0
    SLICE_X6Y63          CARRY4 (Prop_carry4_CI_O[0])
                                                      0.219    12.256 r  train_R/train1_delay_d3_carry__0/O[0]
                         net (fo=1, routed)           0.623    12.880    train_R/train1_delay_d3_carry__0_n_7
    SLICE_X7Y63          LUT6 (Prop_lut6_I5_O)        0.295    13.175 r  train_R/genblk2[4].FF_82_i_1__1/O
                         net (fo=1, routed)           0.000    13.175    train_R/train1_delay_d[4]
    SLICE_X7Y63          FDRE                                         r  train_R/genblk2[4].FF_82/D
  -------------------------------------------------------------------    -------------------

                         (clock clk_out1_clk_wiz_0 rise edge)
                                                     40.000    40.000 r  
    W5                                                0.000    40.000 r  board_clk_i (IN)
                         net (fo=0)                   0.000    40.000    labVGA_clks/my_clk_inst/board_clk_i
    W5                   IBUF (Prop_ibuf_I_O)         1.388    41.388 r  labVGA_clks/my_clk_inst/clkin1_ibufg/O
                         net (fo=1, routed)           1.162    42.550    labVGA_clks/my_clk_inst/clk_in1_clk_wiz_0
    MMCME2_ADV_X1Y0      MMCME2_ADV (Prop_mmcme2_adv_CLKIN1_CLKOUT0)
                                                     -7.217    35.332 r  labVGA_clks/my_clk_inst/mmcm_adv_inst/CLKOUT0
                         net (fo=1, routed)           1.581    36.914    labVGA_clks/slowclk/clk_int
    BUFGCTRL_X0Y0        BUFG (Prop_bufg_I_O)         0.091    37.005 r  labVGA_clks/slowclk/XLXI_401/O
                         net (fo=370, routed)         1.502    38.506    train_R/clk
    SLICE_X7Y63          FDRE                                         r  train_R/genblk2[4].FF_82/C
                         clock pessimism              0.562    39.068    
                         clock uncertainty           -0.094    38.974    
    SLICE_X7Y63          FDRE (Setup_fdre_C_D)        0.031    39.005    train_R/genblk2[4].FF_82
  -------------------------------------------------------------------
                         required time                         39.005    
                         arrival time                         -13.175    
  -------------------------------------------------------------------
                         slack                                 25.830    

Slack (MET) :             25.900ns  (required time - arrival time)
  Source:                 vga_timing/col[15]/C
                            (rising edge-triggered cell FDRE clocked by clk_out1_clk_wiz_0  {rise@0.000ns fall@20.000ns period=40.000ns})
  Destination:            hdmi_red_sync[0]/D
                            (rising edge-triggered cell FDRE clocked by clk_out1_clk_wiz_0  {rise@0.000ns fall@20.000ns period=40.000ns})
  Path Group:             clk_out1_clk_wiz_0
  Path Type:              Setup (Max at Slow Process Corner)
  Requirement:            40.000ns  (clk_out1_clk_wiz_0 rise@40.000ns - clk_out1_clk_wiz_0 rise@0.000ns)
  Data Path Delay:        13.999ns  (logic 3.552ns (25.372%)  route 10.447ns (74.628%))
  Logic Levels:           15  (CARRY4=4 LUT2=2 LUT4=2 LUT6=7)
  Clock Path Skew:        -0.035ns (DCD - SCD + CPR)
    Destination Clock Delay (DCD):    -1.499ns = ( 38.501 - 40.000 ) 
    Source Clock Delay      (SCD):    -0.889ns
    Clock Pessimism Removal (CPR):    0.575ns
  Clock Uncertainty:      0.094ns  ((TSJ^2 + DJ^2)^1/2) / 2 + PE
    Total System Jitter     (TSJ):    0.071ns
    Discrete Jitter          (DJ):    0.175ns
    Phase Error              (PE):    0.000ns

    Location             Delay type                Incr(ns)  Path(ns)    Netlist Resource(s)
  -------------------------------------------------------------------    -------------------
                         (clock clk_out1_clk_wiz_0 rise edge)
                                                      0.000     0.000 r  
    W5                                                0.000     0.000 r  board_clk_i (IN)
                         net (fo=0)                   0.000     0.000    labVGA_clks/my_clk_inst/board_clk_i
    W5                   IBUF (Prop_ibuf_I_O)         1.458     1.458 r  labVGA_clks/my_clk_inst/clkin1_ibufg/O
                         net (fo=1, routed)           1.233     2.691    labVGA_clks/my_clk_inst/clk_in1_clk_wiz_0
    MMCME2_ADV_X1Y0      MMCME2_ADV (Prop_mmcme2_adv_CLKIN1_CLKOUT0)
                                                     -6.961    -4.269 r  labVGA_clks/my_clk_inst/mmcm_adv_inst/CLKOUT0
                         net (fo=1, routed)           1.661    -2.608    labVGA_clks/slowclk/clk_int
    BUFGCTRL_X0Y0        BUFG (Prop_bufg_I_O)         0.096    -2.512 r  labVGA_clks/slowclk/XLXI_401/O
                         net (fo=370, routed)         1.623    -0.889    vga_timing/clk
    SLICE_X6Y93          FDRE                                         r  vga_timing/col[15]/C
  -------------------------------------------------------------------    -------------------
    SLICE_X6Y93          FDRE (Prop_fdre_C_Q)         0.478    -0.411 f  vga_timing/col[15]/Q
                         net (fo=6, routed)           1.026     0.615    vga_timing/Q[14]
    SLICE_X5Y93          LUT6 (Prop_lut6_I1_O)        0.301     0.916 f  vga_timing/hdmi_dispen_sync_i_2/O
                         net (fo=6, routed)           0.419     1.335    vga_timing/hdmi_dispen_sync_i_2_n_0
    SLICE_X5Y93          LUT6 (Prop_lut6_I5_O)        0.124     1.459 r  vga_timing/col[15]_i_3/O
                         net (fo=19, routed)          1.176     2.636    vga_timing/col_wrap
    SLICE_X2Y83          LUT2 (Prop_lut2_I1_O)        0.124     2.760 r  vga_timing/row[15]_i_12/O
                         net (fo=1, routed)           0.000     2.760    vga_timing/row[15]_i_12_n_0
    SLICE_X2Y83          CARRY4 (Prop_carry4_S[0]_CO[3])
                                                      0.513     3.273 r  vga_timing/row[15]_i_8/CO[3]
                         net (fo=1, routed)           0.000     3.273    vga_timing/row[15]_i_8_n_0
    SLICE_X2Y84          CARRY4 (Prop_carry4_CI_O[1])
                                                      0.323     3.596 r  vga_timing/row[15]_i_10/O[1]
                         net (fo=1, routed)           0.946     4.542    vga_timing/row[15]_i_10_n_6
    SLICE_X1Y84          LUT4 (Prop_lut4_I1_O)        0.306     4.848 r  vga_timing/row[15]_i_4/O
                         net (fo=18, routed)          1.500     6.348    vga_timing/row[15]_i_4_n_0
    SLICE_X4Y82          LUT6 (Prop_lut6_I2_O)        0.124     6.472 f  vga_timing/row[6]_i_3/O
                         net (fo=156, routed)         0.626     7.097    vga_timing/row[15]_1
    SLICE_X6Y83          LUT2 (Prop_lut2_I1_O)        0.124     7.221 r  vga_timing/row[6]_i_1/O
                         net (fo=27, routed)          1.578     8.799    vga_timing/row[15]_0[5]
    SLICE_X11Y68         LUT4 (Prop_lut4_I2_O)        0.124     8.923 r  vga_timing/i__carry_i_5__3/O
                         net (fo=1, routed)           0.000     8.923    vga_renderer/disp_trainC13_inferred__0/i__carry__0_1[3]
    SLICE_X11Y68         CARRY4 (Prop_carry4_S[3]_CO[3])
                                                      0.401     9.324 r  vga_renderer/disp_trainC13_inferred__0/i__carry/CO[3]
                         net (fo=1, routed)           0.000     9.324    vga_renderer/disp_trainC13_inferred__0/i__carry_n_0
    SLICE_X11Y69         CARRY4 (Prop_carry4_CI_CO[3])
                                                      0.114     9.438 f  vga_renderer/disp_trainC13_inferred__0/i__carry__0/CO[3]
                         net (fo=1, routed)           0.758    10.196    train_C/CO[0]
    SLICE_X9Y68          LUT6 (Prop_lut6_I3_O)        0.124    10.320 r  train_C/hdmi_red_sync[3]_i_17/O
                         net (fo=1, routed)           1.237    11.558    vga_timing/hdmi_red_sync[3]_i_2_2
    SLICE_X5Y80          LUT6 (Prop_lut6_I2_O)        0.124    11.682 f  vga_timing/hdmi_red_sync[3]_i_5/O
                         net (fo=3, routed)           0.589    12.271    vga_timing/hdmi_red_sync[3]_i_5_n_0
    SLICE_X3Y81          LUT6 (Prop_lut6_I0_O)        0.124    12.395 r  vga_timing/hdmi_red_sync[3]_i_2/O
                         net (fo=3, routed)           0.592    12.987    vga_timing/hdmi_red_sync[3]_i_2_n_0
    SLICE_X5Y81          LUT6 (Prop_lut6_I0_O)        0.124    13.111 r  vga_timing/hdmi_red_sync[0]_i_1/O
                         net (fo=1, routed)           0.000    13.111    D01_out[0]
    SLICE_X5Y81          FDRE                                         r  hdmi_red_sync[0]/D
  -------------------------------------------------------------------    -------------------

                         (clock clk_out1_clk_wiz_0 rise edge)
                                                     40.000    40.000 r  
    W5                                                0.000    40.000 r  board_clk_i (IN)
                         net (fo=0)                   0.000    40.000    labVGA_clks/my_clk_inst/board_clk_i
    W5                   IBUF (Prop_ibuf_I_O)         1.388    41.388 r  labVGA_clks/my_clk_inst/clkin1_ibufg/O
                         net (fo=1, routed)           1.162    42.550    labVGA_clks/my_clk_inst/clk_in1_clk_wiz_0
    MMCME2_ADV_X1Y0      MMCME2_ADV (Prop_mmcme2_adv_CLKIN1_CLKOUT0)
                                                     -7.217    35.332 r  labVGA_clks/my_clk_inst/mmcm_adv_inst/CLKOUT0
                         net (fo=1, routed)           1.581    36.914    labVGA_clks/slowclk/clk_int
    BUFGCTRL_X0Y0        BUFG (Prop_bufg_I_O)         0.091    37.005 r  labVGA_clks/slowclk/XLXI_401/O
                         net (fo=370, routed)         1.497    38.501    hdmi_clk_o_OBUF
    SLICE_X5Y81          FDRE                                         r  hdmi_red_sync[0]/C
                         clock pessimism              0.575    39.076    
                         clock uncertainty           -0.094    38.982    
    SLICE_X5Y81          FDRE (Setup_fdre_C_D)        0.029    39.011    hdmi_red_sync[0]
  -------------------------------------------------------------------
                         required time                         39.011    
                         arrival time                         -13.111    
  -------------------------------------------------------------------
                         slack                                 25.900    

Slack (MET) :             25.927ns  (required time - arrival time)
  Source:                 vga_timing/col[15]/C
                            (rising edge-triggered cell FDRE clocked by clk_out1_clk_wiz_0  {rise@0.000ns fall@20.000ns period=40.000ns})
  Destination:            train_R/genblk2[3].FF_82/D
                            (rising edge-triggered cell FDRE clocked by clk_out1_clk_wiz_0  {rise@0.000ns fall@20.000ns period=40.000ns})
  Path Group:             clk_out1_clk_wiz_0
  Path Type:              Setup (Max at Slow Process Corner)
  Requirement:            40.000ns  (clk_out1_clk_wiz_0 rise@40.000ns - clk_out1_clk_wiz_0 rise@0.000ns)
  Data Path Delay:        13.967ns  (logic 3.582ns (25.646%)  route 10.385ns (74.354%))
  Logic Levels:           12  (CARRY4=3 LUT2=2 LUT4=1 LUT5=1 LUT6=5)
  Clock Path Skew:        -0.042ns (DCD - SCD + CPR)
    Destination Clock Delay (DCD):    -1.493ns = ( 38.507 - 40.000 ) 
    Source Clock Delay      (SCD):    -0.889ns
    Clock Pessimism Removal (CPR):    0.562ns
  Clock Uncertainty:      0.094ns  ((TSJ^2 + DJ^2)^1/2) / 2 + PE
    Total System Jitter     (TSJ):    0.071ns
    Discrete Jitter          (DJ):    0.175ns
    Phase Error              (PE):    0.000ns

    Location             Delay type                Incr(ns)  Path(ns)    Netlist Resource(s)
  -------------------------------------------------------------------    -------------------
                         (clock clk_out1_clk_wiz_0 rise edge)
                                                      0.000     0.000 r  
    W5                                                0.000     0.000 r  board_clk_i (IN)
                         net (fo=0)                   0.000     0.000    labVGA_clks/my_clk_inst/board_clk_i
    W5                   IBUF (Prop_ibuf_I_O)         1.458     1.458 r  labVGA_clks/my_clk_inst/clkin1_ibufg/O
                         net (fo=1, routed)           1.233     2.691    labVGA_clks/my_clk_inst/clk_in1_clk_wiz_0
    MMCME2_ADV_X1Y0      MMCME2_ADV (Prop_mmcme2_adv_CLKIN1_CLKOUT0)
                                                     -6.961    -4.269 r  labVGA_clks/my_clk_inst/mmcm_adv_inst/CLKOUT0
                         net (fo=1, routed)           1.661    -2.608    labVGA_clks/slowclk/clk_int
    BUFGCTRL_X0Y0        BUFG (Prop_bufg_I_O)         0.096    -2.512 r  labVGA_clks/slowclk/XLXI_401/O
                         net (fo=370, routed)         1.623    -0.889    vga_timing/clk
    SLICE_X6Y93          FDRE                                         r  vga_timing/col[15]/C
  -------------------------------------------------------------------    -------------------
    SLICE_X6Y93          FDRE (Prop_fdre_C_Q)         0.478    -0.411 f  vga_timing/col[15]/Q
                         net (fo=6, routed)           1.026     0.615    vga_timing/Q[14]
    SLICE_X5Y93          LUT6 (Prop_lut6_I1_O)        0.301     0.916 f  vga_timing/hdmi_dispen_sync_i_2/O
                         net (fo=6, routed)           0.419     1.335    vga_timing/hdmi_dispen_sync_i_2_n_0
    SLICE_X5Y93          LUT6 (Prop_lut6_I5_O)        0.124     1.459 r  vga_timing/col[15]_i_3/O
                         net (fo=19, routed)          1.176     2.636    vga_timing/col_wrap
    SLICE_X2Y83          LUT2 (Prop_lut2_I1_O)        0.124     2.760 r  vga_timing/row[15]_i_12/O
                         net (fo=1, routed)           0.000     2.760    vga_timing/row[15]_i_12_n_0
    SLICE_X2Y83          CARRY4 (Prop_carry4_S[0]_CO[3])
                                                      0.513     3.273 r  vga_timing/row[15]_i_8/CO[3]
                         net (fo=1, routed)           0.000     3.273    vga_timing/row[15]_i_8_n_0
    SLICE_X2Y84          CARRY4 (Prop_carry4_CI_O[1])
                                                      0.323     3.596 f  vga_timing/row[15]_i_10/O[1]
                         net (fo=1, routed)           0.946     4.542    vga_timing/row[15]_i_10_n_6
    SLICE_X1Y84          LUT4 (Prop_lut4_I1_O)        0.306     4.848 f  vga_timing/row[15]_i_4/O
                         net (fo=18, routed)          1.500     6.348    vga_timing/row[15]_i_4_n_0
    SLICE_X4Y82          LUT6 (Prop_lut6_I2_O)        0.124     6.472 r  vga_timing/row[6]_i_3/O
                         net (fo=156, routed)         0.626     7.097    vga_timing/row[15]_1
    SLICE_X6Y83          LUT2 (Prop_lut2_I1_O)        0.124     7.221 f  vga_timing/row[6]_i_1/O
                         net (fo=27, routed)          0.888     8.110    vga_timing/row[15]_0[5]
    SLICE_X6Y82          LUT6 (Prop_lut6_I2_O)        0.124     8.234 f  vga_timing/genblk2[1].FF_70_i_2/O
                         net (fo=71, routed)          2.828    11.062    train_R/FF_106_1
    SLICE_X7Y62          LUT5 (Prop_lut5_I4_O)        0.124    11.186 r  train_R/train1_delay_d3_carry_i_2__1/O
                         net (fo=1, routed)           0.332    11.517    train_R/train1_delay_d3_carry_i_2__1_n_0
    SLICE_X6Y62          CARRY4 (Prop_carry4_DI[1]_O[3])
                                                      0.610    12.127 r  train_R/train1_delay_d3_carry/O[3]
                         net (fo=1, routed)           0.644    12.771    train_R/train1_delay_d3_carry_n_4
    SLICE_X7Y62          LUT6 (Prop_lut6_I5_O)        0.307    13.078 r  train_R/genblk2[3].FF_82_i_1__1/O
                         net (fo=1, routed)           0.000    13.078    train_R/train1_delay_d[3]
    SLICE_X7Y62          FDRE                                         r  train_R/genblk2[3].FF_82/D
  -------------------------------------------------------------------    -------------------

                         (clock clk_out1_clk_wiz_0 rise edge)
                                                     40.000    40.000 r  
    W5                                                0.000    40.000 r  board_clk_i (IN)
                         net (fo=0)                   0.000    40.000    labVGA_clks/my_clk_inst/board_clk_i
    W5                   IBUF (Prop_ibuf_I_O)         1.388    41.388 r  labVGA_clks/my_clk_inst/clkin1_ibufg/O
                         net (fo=1, routed)           1.162    42.550    labVGA_clks/my_clk_inst/clk_in1_clk_wiz_0
    MMCME2_ADV_X1Y0      MMCME2_ADV (Prop_mmcme2_adv_CLKIN1_CLKOUT0)
                                                     -7.217    35.332 r  labVGA_clks/my_clk_inst/mmcm_adv_inst/CLKOUT0
                         net (fo=1, routed)           1.581    36.914    labVGA_clks/slowclk/clk_int
    BUFGCTRL_X0Y0        BUFG (Prop_bufg_I_O)         0.091    37.005 r  labVGA_clks/slowclk/XLXI_401/O
                         net (fo=370, routed)         1.503    38.507    train_R/clk
    SLICE_X7Y62          FDRE                                         r  train_R/genblk2[3].FF_82/C
                         clock pessimism              0.562    39.069    
                         clock uncertainty           -0.094    38.975    
    SLICE_X7Y62          FDRE (Setup_fdre_C_D)        0.031    39.006    train_R/genblk2[3].FF_82
  -------------------------------------------------------------------
                         required time                         39.006    
                         arrival time                         -13.078    
  -------------------------------------------------------------------
                         slack                                 25.927    





Min Delay Paths
--------------------------------------------------------------------------------------
Slack (MET) :             0.132ns  (arrival time - required time)
  Source:                 train_R/FF_106/C
                            (rising edge-triggered cell FDRE clocked by clk_out1_clk_wiz_0  {rise@0.000ns fall@20.000ns period=40.000ns})
  Destination:            train_R/FF_104/D
                            (rising edge-triggered cell FDRE clocked by clk_out1_clk_wiz_0  {rise@0.000ns fall@20.000ns period=40.000ns})
  Path Group:             clk_out1_clk_wiz_0
  Path Type:              Hold (Min at Fast Process Corner)
  Requirement:            0.000ns  (clk_out1_clk_wiz_0 rise@0.000ns - clk_out1_clk_wiz_0 rise@0.000ns)
  Data Path Delay:        0.266ns  (logic 0.186ns (70.037%)  route 0.080ns (29.963%))
  Logic Levels:           1  (LUT6=1)
  Clock Path Skew:        0.013ns (DCD - SCD - CPR)
    Destination Clock Delay (DCD):    -0.832ns
    Source Clock Delay      (SCD):    -0.592ns
    Clock Pessimism Removal (CPR):    -0.253ns

    Location             Delay type                Incr(ns)  Path(ns)    Netlist Resource(s)
  -------------------------------------------------------------------    -------------------
                         (clock clk_out1_clk_wiz_0 rise edge)
                                                      0.000     0.000 r  
    W5                                                0.000     0.000 r  board_clk_i (IN)
                         net (fo=0)                   0.000     0.000    labVGA_clks/my_clk_inst/board_clk_i
    W5                   IBUF (Prop_ibuf_I_O)         0.226     0.226 r  labVGA_clks/my_clk_inst/clkin1_ibufg/O
                         net (fo=1, routed)           0.440     0.667    labVGA_clks/my_clk_inst/clk_in1_clk_wiz_0
    MMCME2_ADV_X1Y0      MMCME2_ADV (Prop_mmcme2_adv_CLKIN1_CLKOUT0)
                                                     -2.360    -1.693 r  labVGA_clks/my_clk_inst/mmcm_adv_inst/CLKOUT0
                         net (fo=1, routed)           0.486    -1.207    labVGA_clks/slowclk/clk_int
    BUFGCTRL_X0Y0        BUFG (Prop_bufg_I_O)         0.026    -1.181 r  labVGA_clks/slowclk/XLXI_401/O
                         net (fo=370, routed)         0.589    -0.592    train_R/clk
    SLICE_X3Y65          FDRE                                         r  train_R/FF_106/C
  -------------------------------------------------------------------    -------------------
    SLICE_X3Y65          FDRE (Prop_fdre_C_Q)         0.141    -0.451 r  train_R/FF_106/Q
                         net (fo=3, routed)           0.080    -0.372    train_R/state2_q_2
    SLICE_X2Y65          LUT6 (Prop_lut6_I1_O)        0.045    -0.327 r  train_R/FF_104_i_1/O
                         net (fo=1, routed)           0.000    -0.327    train_R/state2_d_0
    SLICE_X2Y65          FDRE                                         r  train_R/FF_104/D
  -------------------------------------------------------------------    -------------------

                         (clock clk_out1_clk_wiz_0 rise edge)
                                                      0.000     0.000 r  
    W5                                                0.000     0.000 r  board_clk_i (IN)
                         net (fo=0)                   0.000     0.000    labVGA_clks/my_clk_inst/board_clk_i
    W5                   IBUF (Prop_ibuf_I_O)         0.414     0.414 r  labVGA_clks/my_clk_inst/clkin1_ibufg/O
                         net (fo=1, routed)           0.480     0.894    labVGA_clks/my_clk_inst/clk_in1_clk_wiz_0
    MMCME2_ADV_X1Y0      MMCME2_ADV (Prop_mmcme2_adv_CLKIN1_CLKOUT0)
                                                     -3.142    -2.248 r  labVGA_clks/my_clk_inst/mmcm_adv_inst/CLKOUT0
                         net (fo=1, routed)           0.530    -1.718    labVGA_clks/slowclk/clk_int
    BUFGCTRL_X0Y0        BUFG (Prop_bufg_I_O)         0.029    -1.689 r  labVGA_clks/slowclk/XLXI_401/O
                         net (fo=370, routed)         0.857    -0.832    train_R/clk
    SLICE_X2Y65          FDRE                                         r  train_R/FF_104/C
                         clock pessimism              0.253    -0.579    
    SLICE_X2Y65          FDRE (Hold_fdre_C_D)         0.121    -0.458    train_R/FF_104
  -------------------------------------------------------------------
                         required time                          0.458    
                         arrival time                          -0.327    
  -------------------------------------------------------------------
                         slack                                  0.132    

Slack (MET) :             0.132ns  (arrival time - required time)
  Source:                 slug_fsm/genblk1[4].FF_49/C
                            (rising edge-triggered cell FDRE clocked by clk_out1_clk_wiz_0  {rise@0.000ns fall@20.000ns period=40.000ns})
  Destination:            slug_fsm/FF_48/D
                            (rising edge-triggered cell FDRE clocked by clk_out1_clk_wiz_0  {rise@0.000ns fall@20.000ns period=40.000ns})
  Path Group:             clk_out1_clk_wiz_0
  Path Type:              Hold (Min at Fast Process Corner)
  Requirement:            0.000ns  (clk_out1_clk_wiz_0 rise@0.000ns - clk_out1_clk_wiz_0 rise@0.000ns)
  Data Path Delay:        0.265ns  (logic 0.186ns (70.098%)  route 0.079ns (29.902%))
  Logic Levels:           1  (LUT6=1)
  Clock Path Skew:        0.013ns (DCD - SCD - CPR)
    Destination Clock Delay (DCD):    -0.858ns
    Source Clock Delay      (SCD):    -0.619ns
    Clock Pessimism Removal (CPR):    -0.252ns

    Location             Delay type                Incr(ns)  Path(ns)    Netlist Resource(s)
  -------------------------------------------------------------------    -------------------
                         (clock clk_out1_clk_wiz_0 rise edge)
                                                      0.000     0.000 r  
    W5                                                0.000     0.000 r  board_clk_i (IN)
                         net (fo=0)                   0.000     0.000    labVGA_clks/my_clk_inst/board_clk_i
    W5                   IBUF (Prop_ibuf_I_O)         0.226     0.226 r  labVGA_clks/my_clk_inst/clkin1_ibufg/O
                         net (fo=1, routed)           0.440     0.667    labVGA_clks/my_clk_inst/clk_in1_clk_wiz_0
    MMCME2_ADV_X1Y0      MMCME2_ADV (Prop_mmcme2_adv_CLKIN1_CLKOUT0)
                                                     -2.360    -1.693 r  labVGA_clks/my_clk_inst/mmcm_adv_inst/CLKOUT0
                         net (fo=1, routed)           0.486    -1.207    labVGA_clks/slowclk/clk_int
    BUFGCTRL_X0Y0        BUFG (Prop_bufg_I_O)         0.026    -1.181 r  labVGA_clks/slowclk/XLXI_401/O
                         net (fo=370, routed)         0.562    -0.619    slug_fsm/clk
    SLICE_X9Y89          FDRE                                         r  slug_fsm/genblk1[4].FF_49/C
  -------------------------------------------------------------------    -------------------
    SLICE_X9Y89          FDRE (Prop_fdre_C_Q)         0.141    -0.478 r  slug_fsm/genblk1[4].FF_49/Q
                         net (fo=6, routed)           0.079    -0.399    slug_fsm/state_q_4
    SLICE_X8Y89          LUT6 (Prop_lut6_I3_O)        0.045    -0.354 r  slug_fsm/FF_48_i_1/O
                         net (fo=1, routed)           0.000    -0.354    slug_fsm/state_d_0
    SLICE_X8Y89          FDRE                                         r  slug_fsm/FF_48/D
  -------------------------------------------------------------------    -------------------

                         (clock clk_out1_clk_wiz_0 rise edge)
                                                      0.000     0.000 r  
    W5                                                0.000     0.000 r  board_clk_i (IN)
                         net (fo=0)                   0.000     0.000    labVGA_clks/my_clk_inst/board_clk_i
    W5                   IBUF (Prop_ibuf_I_O)         0.414     0.414 r  labVGA_clks/my_clk_inst/clkin1_ibufg/O
                         net (fo=1, routed)           0.480     0.894    labVGA_clks/my_clk_inst/clk_in1_clk_wiz_0
    MMCME2_ADV_X1Y0      MMCME2_ADV (Prop_mmcme2_adv_CLKIN1_CLKOUT0)
                                                     -3.142    -2.248 r  labVGA_clks/my_clk_inst/mmcm_adv_inst/CLKOUT0
                         net (fo=1, routed)           0.530    -1.718    labVGA_clks/slowclk/clk_int
    BUFGCTRL_X0Y0        BUFG (Prop_bufg_I_O)         0.029    -1.689 r  labVGA_clks/slowclk/XLXI_401/O
                         net (fo=370, routed)         0.831    -0.858    slug_fsm/clk
    SLICE_X8Y89          FDRE                                         r  slug_fsm/FF_48/C
                         clock pessimism              0.252    -0.606    
    SLICE_X8Y89          FDRE (Hold_fdre_C_D)         0.120    -0.486    slug_fsm/FF_48
  -------------------------------------------------------------------
                         required time                          0.486    
                         arrival time                          -0.354    
  -------------------------------------------------------------------
                         slack                                  0.132    

Slack (MET) :             0.198ns  (arrival time - required time)
  Source:                 lfsr/FF_17/C
                            (rising edge-triggered cell FDRE clocked by clk_out1_clk_wiz_0  {rise@0.000ns fall@20.000ns period=40.000ns})
  Destination:            lfsr/FF_10/D
                            (rising edge-triggered cell FDRE clocked by clk_out1_clk_wiz_0  {rise@0.000ns fall@20.000ns period=40.000ns})
  Path Group:             clk_out1_clk_wiz_0
  Path Type:              Hold (Min at Fast Process Corner)
  Requirement:            0.000ns  (clk_out1_clk_wiz_0 rise@0.000ns - clk_out1_clk_wiz_0 rise@0.000ns)
  Data Path Delay:        0.289ns  (logic 0.227ns (78.604%)  route 0.062ns (21.396%))
  Logic Levels:           1  (LUT4=1)
  Clock Path Skew:        0.000ns (DCD - SCD - CPR)
    Destination Clock Delay (DCD):    -0.833ns
    Source Clock Delay      (SCD):    -0.594ns
    Clock Pessimism Removal (CPR):    -0.239ns

    Location             Delay type                Incr(ns)  Path(ns)    Netlist Resource(s)
  -------------------------------------------------------------------    -------------------
                         (clock clk_out1_clk_wiz_0 rise edge)
                                                      0.000     0.000 r  
    W5                                                0.000     0.000 r  board_clk_i (IN)
                         net (fo=0)                   0.000     0.000    labVGA_clks/my_clk_inst/board_clk_i
    W5                   IBUF (Prop_ibuf_I_O)         0.226     0.226 r  labVGA_clks/my_clk_inst/clkin1_ibufg/O
                         net (fo=1, routed)           0.440     0.667    labVGA_clks/my_clk_inst/clk_in1_clk_wiz_0
    MMCME2_ADV_X1Y0      MMCME2_ADV (Prop_mmcme2_adv_CLKIN1_CLKOUT0)
                                                     -2.360    -1.693 r  labVGA_clks/my_clk_inst/mmcm_adv_inst/CLKOUT0
                         net (fo=1, routed)           0.486    -1.207    labVGA_clks/slowclk/clk_int
    BUFGCTRL_X0Y0        BUFG (Prop_bufg_I_O)         0.026    -1.181 r  labVGA_clks/slowclk/XLXI_401/O
                         net (fo=370, routed)         0.587    -0.594    lfsr/clk
    SLICE_X4Y63          FDRE                                         r  lfsr/FF_17/C
  -------------------------------------------------------------------    -------------------
    SLICE_X4Y63          FDRE (Prop_fdre_C_Q)         0.128    -0.466 r  lfsr/FF_17/Q
                         net (fo=1, routed)           0.062    -0.404    lfsr/rng[7]
    SLICE_X4Y63          LUT4 (Prop_lut4_I0_O)        0.099    -0.305 r  lfsr/FF_10_i_1/O
                         net (fo=1, routed)           0.000    -0.305    lfsr/q0
    SLICE_X4Y63          FDRE                                         r  lfsr/FF_10/D
  -------------------------------------------------------------------    -------------------

                         (clock clk_out1_clk_wiz_0 rise edge)
                                                      0.000     0.000 r  
    W5                                                0.000     0.000 r  board_clk_i (IN)
                         net (fo=0)                   0.000     0.000    labVGA_clks/my_clk_inst/board_clk_i
    W5                   IBUF (Prop_ibuf_I_O)         0.414     0.414 r  labVGA_clks/my_clk_inst/clkin1_ibufg/O
                         net (fo=1, routed)           0.480     0.894    labVGA_clks/my_clk_inst/clk_in1_clk_wiz_0
    MMCME2_ADV_X1Y0      MMCME2_ADV (Prop_mmcme2_adv_CLKIN1_CLKOUT0)
                                                     -3.142    -2.248 r  labVGA_clks/my_clk_inst/mmcm_adv_inst/CLKOUT0
                         net (fo=1, routed)           0.530    -1.718    labVGA_clks/slowclk/clk_int
    BUFGCTRL_X0Y0        BUFG (Prop_bufg_I_O)         0.029    -1.689 r  labVGA_clks/slowclk/XLXI_401/O
                         net (fo=370, routed)         0.856    -0.833    lfsr/clk
    SLICE_X4Y63          FDRE                                         r  lfsr/FF_10/C
                         clock pessimism              0.239    -0.594    
    SLICE_X4Y63          FDRE (Hold_fdre_C_D)         0.091    -0.503    lfsr/FF_10
  -------------------------------------------------------------------
                         required time                          0.503    
                         arrival time                          -0.305    
  -------------------------------------------------------------------
                         slack                                  0.198    

Slack (MET) :             0.203ns  (arrival time - required time)
  Source:                 vga_timing/row[7]/C
                            (rising edge-triggered cell FDRE clocked by clk_out1_clk_wiz_0  {rise@0.000ns fall@20.000ns period=40.000ns})
  Destination:            vga_timing/vsync/D
                            (rising edge-triggered cell FDRE clocked by clk_out1_clk_wiz_0  {rise@0.000ns fall@20.000ns period=40.000ns})
  Path Group:             clk_out1_clk_wiz_0
  Path Type:              Hold (Min at Fast Process Corner)
  Requirement:            0.000ns  (clk_out1_clk_wiz_0 rise@0.000ns - clk_out1_clk_wiz_0 rise@0.000ns)
  Data Path Delay:        0.307ns  (logic 0.186ns (60.576%)  route 0.121ns (39.424%))
  Logic Levels:           1  (LUT6=1)
  Clock Path Skew:        0.013ns (DCD - SCD - CPR)
    Destination Clock Delay (DCD):    -0.832ns
    Source Clock Delay      (SCD):    -0.592ns
    Clock Pessimism Removal (CPR):    -0.253ns

    Location             Delay type                Incr(ns)  Path(ns)    Netlist Resource(s)
  -------------------------------------------------------------------    -------------------
                         (clock clk_out1_clk_wiz_0 rise edge)
                                                      0.000     0.000 r  
    W5                                                0.000     0.000 r  board_clk_i (IN)
                         net (fo=0)                   0.000     0.000    labVGA_clks/my_clk_inst/board_clk_i
    W5                   IBUF (Prop_ibuf_I_O)         0.226     0.226 r  labVGA_clks/my_clk_inst/clkin1_ibufg/O
                         net (fo=1, routed)           0.440     0.667    labVGA_clks/my_clk_inst/clk_in1_clk_wiz_0
    MMCME2_ADV_X1Y0      MMCME2_ADV (Prop_mmcme2_adv_CLKIN1_CLKOUT0)
                                                     -2.360    -1.693 r  labVGA_clks/my_clk_inst/mmcm_adv_inst/CLKOUT0
                         net (fo=1, routed)           0.486    -1.207    labVGA_clks/slowclk/clk_int
    BUFGCTRL_X0Y0        BUFG (Prop_bufg_I_O)         0.026    -1.181 r  labVGA_clks/slowclk/XLXI_401/O
                         net (fo=370, routed)         0.589    -0.592    vga_timing/clk
    SLICE_X0Y84          FDRE                                         r  vga_timing/row[7]/C
  -------------------------------------------------------------------    -------------------
    SLICE_X0Y84          FDRE (Prop_fdre_C_Q)         0.141    -0.451 f  vga_timing/row[7]/Q
                         net (fo=5, routed)           0.121    -0.330    vga_timing/row_q[7]
    SLICE_X1Y84          LUT6 (Prop_lut6_I2_O)        0.045    -0.285 r  vga_timing/vsync_i_1/O
                         net (fo=1, routed)           0.000    -0.285    vga_timing/vsync_i_1_n_0
    SLICE_X1Y84          FDRE                                         r  vga_timing/vsync/D
  -------------------------------------------------------------------    -------------------

                         (clock clk_out1_clk_wiz_0 rise edge)
                                                      0.000     0.000 r  
    W5                                                0.000     0.000 r  board_clk_i (IN)
                         net (fo=0)                   0.000     0.000    labVGA_clks/my_clk_inst/board_clk_i
    W5                   IBUF (Prop_ibuf_I_O)         0.414     0.414 r  labVGA_clks/my_clk_inst/clkin1_ibufg/O
                         net (fo=1, routed)           0.480     0.894    labVGA_clks/my_clk_inst/clk_in1_clk_wiz_0
    MMCME2_ADV_X1Y0      MMCME2_ADV (Prop_mmcme2_adv_CLKIN1_CLKOUT0)
                                                     -3.142    -2.248 r  labVGA_clks/my_clk_inst/mmcm_adv_inst/CLKOUT0
                         net (fo=1, routed)           0.530    -1.718    labVGA_clks/slowclk/clk_int
    BUFGCTRL_X0Y0        BUFG (Prop_bufg_I_O)         0.029    -1.689 r  labVGA_clks/slowclk/XLXI_401/O
                         net (fo=370, routed)         0.857    -0.832    vga_timing/clk
    SLICE_X1Y84          FDRE                                         r  vga_timing/vsync/C
                         clock pessimism              0.253    -0.579    
    SLICE_X1Y84          FDRE (Hold_fdre_C_D)         0.091    -0.488    vga_timing/vsync
  -------------------------------------------------------------------
                         required time                          0.488    
                         arrival time                          -0.285    
  -------------------------------------------------------------------
                         slack                                  0.203    

Slack (MET) :             0.204ns  (arrival time - required time)
  Source:                 btnL_sync/FF_14/C
                            (rising edge-triggered cell FDRE clocked by clk_out1_clk_wiz_0  {rise@0.000ns fall@20.000ns period=40.000ns})
  Destination:            slug_fsm/genblk1[7].FF_49/D
                            (rising edge-triggered cell FDRE clocked by clk_out1_clk_wiz_0  {rise@0.000ns fall@20.000ns period=40.000ns})
  Path Group:             clk_out1_clk_wiz_0
  Path Type:              Hold (Min at Fast Process Corner)
  Requirement:            0.000ns  (clk_out1_clk_wiz_0 rise@0.000ns - clk_out1_clk_wiz_0 rise@0.000ns)
  Data Path Delay:        0.296ns  (logic 0.227ns (76.649%)  route 0.069ns (23.351%))
  Logic Levels:           1  (LUT6=1)
  Clock Path Skew:        0.000ns (DCD - SCD - CPR)
    Destination Clock Delay (DCD):    -0.858ns
    Source Clock Delay      (SCD):    -0.619ns
    Clock Pessimism Removal (CPR):    -0.239ns

    Location             Delay type                Incr(ns)  Path(ns)    Netlist Resource(s)
  -------------------------------------------------------------------    -------------------
                         (clock clk_out1_clk_wiz_0 rise edge)
                                                      0.000     0.000 r  
    W5                                                0.000     0.000 r  board_clk_i (IN)
                         net (fo=0)                   0.000     0.000    labVGA_clks/my_clk_inst/board_clk_i
    W5                   IBUF (Prop_ibuf_I_O)         0.226     0.226 r  labVGA_clks/my_clk_inst/clkin1_ibufg/O
                         net (fo=1, routed)           0.440     0.667    labVGA_clks/my_clk_inst/clk_in1_clk_wiz_0
    MMCME2_ADV_X1Y0      MMCME2_ADV (Prop_mmcme2_adv_CLKIN1_CLKOUT0)
                                                     -2.360    -1.693 r  labVGA_clks/my_clk_inst/mmcm_adv_inst/CLKOUT0
                         net (fo=1, routed)           0.486    -1.207    labVGA_clks/slowclk/clk_int
    BUFGCTRL_X0Y0        BUFG (Prop_bufg_I_O)         0.026    -1.181 r  labVGA_clks/slowclk/XLXI_401/O
                         net (fo=370, routed)         0.562    -0.619    btnL_sync/clk_out
    SLICE_X9Y88          FDRE                                         r  btnL_sync/FF_14/C
  -------------------------------------------------------------------    -------------------
    SLICE_X9Y88          FDRE (Prop_fdre_C_Q)         0.128    -0.491 f  btnL_sync/FF_14/Q
                         net (fo=6, routed)           0.069    -0.422    game_fsm/old_Q_0
    SLICE_X9Y88          LUT6 (Prop_lut6_I3_O)        0.099    -0.323 r  game_fsm/genblk1[7].FF_49_i_1/O
                         net (fo=1, routed)           0.000    -0.323    slug_fsm/genblk1[7].FF_49_1
    SLICE_X9Y88          FDRE                                         r  slug_fsm/genblk1[7].FF_49/D
  -------------------------------------------------------------------    -------------------

                         (clock clk_out1_clk_wiz_0 rise edge)
                                                      0.000     0.000 r  
    W5                                                0.000     0.000 r  board_clk_i (IN)
                         net (fo=0)                   0.000     0.000    labVGA_clks/my_clk_inst/board_clk_i
    W5                   IBUF (Prop_ibuf_I_O)         0.414     0.414 r  labVGA_clks/my_clk_inst/clkin1_ibufg/O
                         net (fo=1, routed)           0.480     0.894    labVGA_clks/my_clk_inst/clk_in1_clk_wiz_0
    MMCME2_ADV_X1Y0      MMCME2_ADV (Prop_mmcme2_adv_CLKIN1_CLKOUT0)
                                                     -3.142    -2.248 r  labVGA_clks/my_clk_inst/mmcm_adv_inst/CLKOUT0
                         net (fo=1, routed)           0.530    -1.718    labVGA_clks/slowclk/clk_int
    BUFGCTRL_X0Y0        BUFG (Prop_bufg_I_O)         0.029    -1.689 r  labVGA_clks/slowclk/XLXI_401/O
                         net (fo=370, routed)         0.831    -0.858    slug_fsm/clk
    SLICE_X9Y88          FDRE                                         r  slug_fsm/genblk1[7].FF_49/C
                         clock pessimism              0.239    -0.619    
    SLICE_X9Y88          FDRE (Hold_fdre_C_D)         0.092    -0.527    slug_fsm/genblk1[7].FF_49
  -------------------------------------------------------------------
                         required time                          0.527    
                         arrival time                          -0.323    
  -------------------------------------------------------------------
                         slack                                  0.204    

Slack (MET) :             0.208ns  (arrival time - required time)
  Source:                 game_fsm/genblk1[7].FF_41/C
                            (rising edge-triggered cell FDRE clocked by clk_out1_clk_wiz_0  {rise@0.000ns fall@20.000ns period=40.000ns})
  Destination:            game_fsm/genblk3[2].FF_84/D
                            (rising edge-triggered cell FDRE clocked by clk_out1_clk_wiz_0  {rise@0.000ns fall@20.000ns period=40.000ns})
  Path Group:             clk_out1_clk_wiz_0
  Path Type:              Hold (Min at Fast Process Corner)
  Requirement:            0.000ns  (clk_out1_clk_wiz_0 rise@0.000ns - clk_out1_clk_wiz_0 rise@0.000ns)
  Data Path Delay:        0.344ns  (logic 0.186ns (54.041%)  route 0.158ns (45.959%))
  Logic Levels:           1  (LUT6=1)
  Clock Path Skew:        0.015ns (DCD - SCD - CPR)
    Destination Clock Delay (DCD):    -0.833ns
    Source Clock Delay      (SCD):    -0.594ns
    Clock Pessimism Removal (CPR):    -0.254ns

    Location             Delay type                Incr(ns)  Path(ns)    Netlist Resource(s)
  -------------------------------------------------------------------    -------------------
                         (clock clk_out1_clk_wiz_0 rise edge)
                                                      0.000     0.000 r  
    W5                                                0.000     0.000 r  board_clk_i (IN)
                         net (fo=0)                   0.000     0.000    labVGA_clks/my_clk_inst/board_clk_i
    W5                   IBUF (Prop_ibuf_I_O)         0.226     0.226 r  labVGA_clks/my_clk_inst/clkin1_ibufg/O
                         net (fo=1, routed)           0.440     0.667    labVGA_clks/my_clk_inst/clk_in1_clk_wiz_0
    MMCME2_ADV_X1Y0      MMCME2_ADV (Prop_mmcme2_adv_CLKIN1_CLKOUT0)
                                                     -2.360    -1.693 r  labVGA_clks/my_clk_inst/mmcm_adv_inst/CLKOUT0
                         net (fo=1, routed)           0.486    -1.207    labVGA_clks/slowclk/clk_int
    BUFGCTRL_X0Y0        BUFG (Prop_bufg_I_O)         0.026    -1.181 r  labVGA_clks/slowclk/XLXI_401/O
                         net (fo=370, routed)         0.587    -0.594    game_fsm/clk_out
    SLICE_X4Y84          FDRE                                         r  game_fsm/genblk1[7].FF_41/C
  -------------------------------------------------------------------    -------------------
    SLICE_X4Y84          FDRE (Prop_fdre_C_Q)         0.141    -0.453 r  game_fsm/genblk1[7].FF_41/Q
                         net (fo=32, routed)          0.158    -0.295    game_fsm/reset2_to_one_track
    SLICE_X6Y85          LUT6 (Prop_lut6_I1_O)        0.045    -0.250 r  game_fsm/genblk3[2].FF_84_i_1/O
                         net (fo=1, routed)           0.000    -0.250    game_fsm/start_frame_d[2]
    SLICE_X6Y85          FDRE                                         r  game_fsm/genblk3[2].FF_84/D
  -------------------------------------------------------------------    -------------------

                         (clock clk_out1_clk_wiz_0 rise edge)
                                                      0.000     0.000 r  
    W5                                                0.000     0.000 r  board_clk_i (IN)
                         net (fo=0)                   0.000     0.000    labVGA_clks/my_clk_inst/board_clk_i
    W5                   IBUF (Prop_ibuf_I_O)         0.414     0.414 r  labVGA_clks/my_clk_inst/clkin1_ibufg/O
                         net (fo=1, routed)           0.480     0.894    labVGA_clks/my_clk_inst/clk_in1_clk_wiz_0
    MMCME2_ADV_X1Y0      MMCME2_ADV (Prop_mmcme2_adv_CLKIN1_CLKOUT0)
                                                     -3.142    -2.248 r  labVGA_clks/my_clk_inst/mmcm_adv_inst/CLKOUT0
                         net (fo=1, routed)           0.530    -1.718    labVGA_clks/slowclk/clk_int
    BUFGCTRL_X0Y0        BUFG (Prop_bufg_I_O)         0.029    -1.689 r  labVGA_clks/slowclk/XLXI_401/O
                         net (fo=370, routed)         0.856    -0.833    game_fsm/clk_out
    SLICE_X6Y85          FDRE                                         r  game_fsm/genblk3[2].FF_84/C
                         clock pessimism              0.254    -0.579    
    SLICE_X6Y85          FDRE (Hold_fdre_C_D)         0.121    -0.458    game_fsm/genblk3[2].FF_84
  -------------------------------------------------------------------
                         required time                          0.458    
                         arrival time                          -0.250    
  -------------------------------------------------------------------
                         slack                                  0.208    

Slack (MET) :             0.211ns  (arrival time - required time)
  Source:                 game_fsm/genblk2[1].FF_77/C
                            (rising edge-triggered cell FDRE clocked by clk_out1_clk_wiz_0  {rise@0.000ns fall@20.000ns period=40.000ns})
  Destination:            game_fsm/genblk2[3].FF_77/D
                            (rising edge-triggered cell FDRE clocked by clk_out1_clk_wiz_0  {rise@0.000ns fall@20.000ns period=40.000ns})
  Path Group:             clk_out1_clk_wiz_0
  Path Type:              Hold (Min at Fast Process Corner)
  Requirement:            0.000ns  (clk_out1_clk_wiz_0 rise@0.000ns - clk_out1_clk_wiz_0 rise@0.000ns)
  Data Path Delay:        0.316ns  (logic 0.209ns (66.205%)  route 0.107ns (33.795%))
  Logic Levels:           1  (LUT6=1)
  Clock Path Skew:        0.013ns (DCD - SCD - CPR)
    Destination Clock Delay (DCD):    -0.858ns
    Source Clock Delay      (SCD):    -0.619ns
    Clock Pessimism Removal (CPR):    -0.252ns

    Location             Delay type                Incr(ns)  Path(ns)    Netlist Resource(s)
  -------------------------------------------------------------------    -------------------
                         (clock clk_out1_clk_wiz_0 rise edge)
                                                      0.000     0.000 r  
    W5                                                0.000     0.000 r  board_clk_i (IN)
                         net (fo=0)                   0.000     0.000    labVGA_clks/my_clk_inst/board_clk_i
    W5                   IBUF (Prop_ibuf_I_O)         0.226     0.226 r  labVGA_clks/my_clk_inst/clkin1_ibufg/O
                         net (fo=1, routed)           0.440     0.667    labVGA_clks/my_clk_inst/clk_in1_clk_wiz_0
    MMCME2_ADV_X1Y0      MMCME2_ADV (Prop_mmcme2_adv_CLKIN1_CLKOUT0)
                                                     -2.360    -1.693 r  labVGA_clks/my_clk_inst/mmcm_adv_inst/CLKOUT0
                         net (fo=1, routed)           0.486    -1.207    labVGA_clks/slowclk/clk_int
    BUFGCTRL_X0Y0        BUFG (Prop_bufg_I_O)         0.026    -1.181 r  labVGA_clks/slowclk/XLXI_401/O
                         net (fo=370, routed)         0.562    -0.619    game_fsm/clk_out
    SLICE_X10Y89         FDRE                                         r  game_fsm/genblk2[1].FF_77/C
  -------------------------------------------------------------------    -------------------
    SLICE_X10Y89         FDRE (Prop_fdre_C_Q)         0.164    -0.455 r  game_fsm/genblk2[1].FF_77/Q
                         net (fo=7, routed)           0.107    -0.349    game_fsm/lives[1]
    SLICE_X11Y89         LUT6 (Prop_lut6_I2_O)        0.045    -0.304 r  game_fsm/genblk2[3].FF_77_i_1/O
                         net (fo=1, routed)           0.000    -0.304    game_fsm/lives_d[3]
    SLICE_X11Y89         FDRE                                         r  game_fsm/genblk2[3].FF_77/D
  -------------------------------------------------------------------    -------------------

                         (clock clk_out1_clk_wiz_0 rise edge)
                                                      0.000     0.000 r  
    W5                                                0.000     0.000 r  board_clk_i (IN)
                         net (fo=0)                   0.000     0.000    labVGA_clks/my_clk_inst/board_clk_i
    W5                   IBUF (Prop_ibuf_I_O)         0.414     0.414 r  labVGA_clks/my_clk_inst/clkin1_ibufg/O
                         net (fo=1, routed)           0.480     0.894    labVGA_clks/my_clk_inst/clk_in1_clk_wiz_0
    MMCME2_ADV_X1Y0      MMCME2_ADV (Prop_mmcme2_adv_CLKIN1_CLKOUT0)
                                                     -3.142    -2.248 r  labVGA_clks/my_clk_inst/mmcm_adv_inst/CLKOUT0
                         net (fo=1, routed)           0.530    -1.718    labVGA_clks/slowclk/clk_int
    BUFGCTRL_X0Y0        BUFG (Prop_bufg_I_O)         0.029    -1.689 r  labVGA_clks/slowclk/XLXI_401/O
                         net (fo=370, routed)         0.831    -0.858    game_fsm/clk_out
    SLICE_X11Y89         FDRE                                         r  game_fsm/genblk2[3].FF_77/C
                         clock pessimism              0.252    -0.606    
    SLICE_X11Y89         FDRE (Hold_fdre_C_D)         0.092    -0.514    game_fsm/genblk2[3].FF_77
  -------------------------------------------------------------------
                         required time                          0.514    
                         arrival time                          -0.304    
  -------------------------------------------------------------------
                         slack                                  0.211    

Slack (MET) :             0.214ns  (arrival time - required time)
  Source:                 slug_fsm/genblk1[1].FF_49/C
                            (rising edge-triggered cell FDRE clocked by clk_out1_clk_wiz_0  {rise@0.000ns fall@20.000ns period=40.000ns})
  Destination:            slug_fsm/genblk1[4].FF_49/D
                            (rising edge-triggered cell FDRE clocked by clk_out1_clk_wiz_0  {rise@0.000ns fall@20.000ns period=40.000ns})
  Path Group:             clk_out1_clk_wiz_0
  Path Type:              Hold (Min at Fast Process Corner)
  Requirement:            0.000ns  (clk_out1_clk_wiz_0 rise@0.000ns - clk_out1_clk_wiz_0 rise@0.000ns)
  Data Path Delay:        0.306ns  (logic 0.186ns (60.688%)  route 0.120ns (39.312%))
  Logic Levels:           1  (LUT6=1)
  Clock Path Skew:        0.000ns (DCD - SCD - CPR)
    Destination Clock Delay (DCD):    -0.858ns
    Source Clock Delay      (SCD):    -0.619ns
    Clock Pessimism Removal (CPR):    -0.239ns

    Location             Delay type                Incr(ns)  Path(ns)    Netlist Resource(s)
  -------------------------------------------------------------------    -------------------
                         (clock clk_out1_clk_wiz_0 rise edge)
                                                      0.000     0.000 r  
    W5                                                0.000     0.000 r  board_clk_i (IN)
                         net (fo=0)                   0.000     0.000    labVGA_clks/my_clk_inst/board_clk_i
    W5                   IBUF (Prop_ibuf_I_O)         0.226     0.226 r  labVGA_clks/my_clk_inst/clkin1_ibufg/O
                         net (fo=1, routed)           0.440     0.667    labVGA_clks/my_clk_inst/clk_in1_clk_wiz_0
    MMCME2_ADV_X1Y0      MMCME2_ADV (Prop_mmcme2_adv_CLKIN1_CLKOUT0)
                                                     -2.360    -1.693 r  labVGA_clks/my_clk_inst/mmcm_adv_inst/CLKOUT0
                         net (fo=1, routed)           0.486    -1.207    labVGA_clks/slowclk/clk_int
    BUFGCTRL_X0Y0        BUFG (Prop_bufg_I_O)         0.026    -1.181 r  labVGA_clks/slowclk/XLXI_401/O
                         net (fo=370, routed)         0.562    -0.619    slug_fsm/clk
    SLICE_X9Y89          FDRE                                         r  slug_fsm/genblk1[1].FF_49/C
  -------------------------------------------------------------------    -------------------
    SLICE_X9Y89          FDRE (Prop_fdre_C_Q)         0.141    -0.478 r  slug_fsm/genblk1[1].FF_49/Q
                         net (fo=2, routed)           0.120    -0.358    slug_fsm/state_q_1
    SLICE_X9Y89          LUT6 (Prop_lut6_I2_O)        0.045    -0.313 r  slug_fsm/genblk1[4].FF_49_i_1/O
                         net (fo=1, routed)           0.000    -0.313    slug_fsm/genblk1[4].FF_49_i_1_n_0
    SLICE_X9Y89          FDRE                                         r  slug_fsm/genblk1[4].FF_49/D
  -------------------------------------------------------------------    -------------------

                         (clock clk_out1_clk_wiz_0 rise edge)
                                                      0.000     0.000 r  
    W5                                                0.000     0.000 r  board_clk_i (IN)
                         net (fo=0)                   0.000     0.000    labVGA_clks/my_clk_inst/board_clk_i
    W5                   IBUF (Prop_ibuf_I_O)         0.414     0.414 r  labVGA_clks/my_clk_inst/clkin1_ibufg/O
                         net (fo=1, routed)           0.480     0.894    labVGA_clks/my_clk_inst/clk_in1_clk_wiz_0
    MMCME2_ADV_X1Y0      MMCME2_ADV (Prop_mmcme2_adv_CLKIN1_CLKOUT0)
                                                     -3.142    -2.248 r  labVGA_clks/my_clk_inst/mmcm_adv_inst/CLKOUT0
                         net (fo=1, routed)           0.530    -1.718    labVGA_clks/slowclk/clk_int
    BUFGCTRL_X0Y0        BUFG (Prop_bufg_I_O)         0.029    -1.689 r  labVGA_clks/slowclk/XLXI_401/O
                         net (fo=370, routed)         0.831    -0.858    slug_fsm/clk
    SLICE_X9Y89          FDRE                                         r  slug_fsm/genblk1[4].FF_49/C
                         clock pessimism              0.239    -0.619    
    SLICE_X9Y89          FDRE (Hold_fdre_C_D)         0.092    -0.527    slug_fsm/genblk1[4].FF_49
  -------------------------------------------------------------------
                         required time                          0.527    
                         arrival time                          -0.313    
  -------------------------------------------------------------------
                         slack                                  0.214    

Slack (MET) :             0.216ns  (arrival time - required time)
  Source:                 slug_fsm/genblk1[2].FF_49/C
                            (rising edge-triggered cell FDRE clocked by clk_out1_clk_wiz_0  {rise@0.000ns fall@20.000ns period=40.000ns})
  Destination:            slug_fsm/genblk1[2].FF_49/D
                            (rising edge-triggered cell FDRE clocked by clk_out1_clk_wiz_0  {rise@0.000ns fall@20.000ns period=40.000ns})
  Path Group:             clk_out1_clk_wiz_0
  Path Type:              Hold (Min at Fast Process Corner)
  Requirement:            0.000ns  (clk_out1_clk_wiz_0 rise@0.000ns - clk_out1_clk_wiz_0 rise@0.000ns)
  Data Path Delay:        0.308ns  (logic 0.186ns (60.417%)  route 0.122ns (39.583%))
  Logic Levels:           1  (LUT6=1)
  Clock Path Skew:        0.000ns (DCD - SCD - CPR)
    Destination Clock Delay (DCD):    -0.858ns
    Source Clock Delay      (SCD):    -0.619ns
    Clock Pessimism Removal (CPR):    -0.239ns

    Location             Delay type                Incr(ns)  Path(ns)    Netlist Resource(s)
  -------------------------------------------------------------------    -------------------
                         (clock clk_out1_clk_wiz_0 rise edge)
                                                      0.000     0.000 r  
    W5                                                0.000     0.000 r  board_clk_i (IN)
                         net (fo=0)                   0.000     0.000    labVGA_clks/my_clk_inst/board_clk_i
    W5                   IBUF (Prop_ibuf_I_O)         0.226     0.226 r  labVGA_clks/my_clk_inst/clkin1_ibufg/O
                         net (fo=1, routed)           0.440     0.667    labVGA_clks/my_clk_inst/clk_in1_clk_wiz_0
    MMCME2_ADV_X1Y0      MMCME2_ADV (Prop_mmcme2_adv_CLKIN1_CLKOUT0)
                                                     -2.360    -1.693 r  labVGA_clks/my_clk_inst/mmcm_adv_inst/CLKOUT0
                         net (fo=1, routed)           0.486    -1.207    labVGA_clks/slowclk/clk_int
    BUFGCTRL_X0Y0        BUFG (Prop_bufg_I_O)         0.026    -1.181 r  labVGA_clks/slowclk/XLXI_401/O
                         net (fo=370, routed)         0.562    -0.619    slug_fsm/clk
    SLICE_X9Y89          FDRE                                         r  slug_fsm/genblk1[2].FF_49/C
  -------------------------------------------------------------------    -------------------
    SLICE_X9Y89          FDRE (Prop_fdre_C_Q)         0.141    -0.478 r  slug_fsm/genblk1[2].FF_49/Q
                         net (fo=2, routed)           0.122    -0.356    game_fsm/state_q_2
    SLICE_X9Y89          LUT6 (Prop_lut6_I5_O)        0.045    -0.311 r  game_fsm/genblk1[2].FF_49_i_1/O
                         net (fo=1, routed)           0.000    -0.311    slug_fsm/genblk1[2].FF_49_0
    SLICE_X9Y89          FDRE                                         r  slug_fsm/genblk1[2].FF_49/D
  -------------------------------------------------------------------    -------------------

                         (clock clk_out1_clk_wiz_0 rise edge)
                                                      0.000     0.000 r  
    W5                                                0.000     0.000 r  board_clk_i (IN)
                         net (fo=0)                   0.000     0.000    labVGA_clks/my_clk_inst/board_clk_i
    W5                   IBUF (Prop_ibuf_I_O)         0.414     0.414 r  labVGA_clks/my_clk_inst/clkin1_ibufg/O
                         net (fo=1, routed)           0.480     0.894    labVGA_clks/my_clk_inst/clk_in1_clk_wiz_0
    MMCME2_ADV_X1Y0      MMCME2_ADV (Prop_mmcme2_adv_CLKIN1_CLKOUT0)
                                                     -3.142    -2.248 r  labVGA_clks/my_clk_inst/mmcm_adv_inst/CLKOUT0
                         net (fo=1, routed)           0.530    -1.718    labVGA_clks/slowclk/clk_int
    BUFGCTRL_X0Y0        BUFG (Prop_bufg_I_O)         0.029    -1.689 r  labVGA_clks/slowclk/XLXI_401/O
                         net (fo=370, routed)         0.831    -0.858    slug_fsm/clk
    SLICE_X9Y89          FDRE                                         r  slug_fsm/genblk1[2].FF_49/C
                         clock pessimism              0.239    -0.619    
    SLICE_X9Y89          FDRE (Hold_fdre_C_D)         0.092    -0.527    slug_fsm/genblk1[2].FF_49
  -------------------------------------------------------------------
                         required time                          0.527    
                         arrival time                          -0.311    
  -------------------------------------------------------------------
                         slack                                  0.216    

Slack (MET) :             0.217ns  (arrival time - required time)
  Source:                 slug_fsm/genblk2[15].FF_70/C
                            (rising edge-triggered cell FDRE clocked by clk_out1_clk_wiz_0  {rise@0.000ns fall@20.000ns period=40.000ns})
  Destination:            slug_fsm/genblk2[15].FF_70/D
                            (rising edge-triggered cell FDRE clocked by clk_out1_clk_wiz_0  {rise@0.000ns fall@20.000ns period=40.000ns})
  Path Group:             clk_out1_clk_wiz_0
  Path Type:              Hold (Min at Fast Process Corner)
  Requirement:            0.000ns  (clk_out1_clk_wiz_0 rise@0.000ns - clk_out1_clk_wiz_0 rise@0.000ns)
  Data Path Delay:        0.309ns  (logic 0.186ns (60.289%)  route 0.123ns (39.711%))
  Logic Levels:           1  (LUT5=1)
  Clock Path Skew:        0.000ns (DCD - SCD - CPR)
    Destination Clock Delay (DCD):    -0.828ns
    Source Clock Delay      (SCD):    -0.590ns
    Clock Pessimism Removal (CPR):    -0.238ns

    Location             Delay type                Incr(ns)  Path(ns)    Netlist Resource(s)
  -------------------------------------------------------------------    -------------------
                         (clock clk_out1_clk_wiz_0 rise edge)
                                                      0.000     0.000 r  
    W5                                                0.000     0.000 r  board_clk_i (IN)
                         net (fo=0)                   0.000     0.000    labVGA_clks/my_clk_inst/board_clk_i
    W5                   IBUF (Prop_ibuf_I_O)         0.226     0.226 r  labVGA_clks/my_clk_inst/clkin1_ibufg/O
                         net (fo=1, routed)           0.440     0.667    labVGA_clks/my_clk_inst/clk_in1_clk_wiz_0
    MMCME2_ADV_X1Y0      MMCME2_ADV (Prop_mmcme2_adv_CLKIN1_CLKOUT0)
                                                     -2.360    -1.693 r  labVGA_clks/my_clk_inst/mmcm_adv_inst/CLKOUT0
                         net (fo=1, routed)           0.486    -1.207    labVGA_clks/slowclk/clk_int
    BUFGCTRL_X0Y0        BUFG (Prop_bufg_I_O)         0.026    -1.181 r  labVGA_clks/slowclk/XLXI_401/O
                         net (fo=370, routed)         0.591    -0.590    slug_fsm/clk
    SLICE_X7Y93          FDRE                                         r  slug_fsm/genblk2[15].FF_70/C
  -------------------------------------------------------------------    -------------------
    SLICE_X7Y93          FDRE (Prop_fdre_C_Q)         0.141    -0.449 r  slug_fsm/genblk2[15].FF_70/Q
                         net (fo=6, routed)           0.123    -0.327    slug_fsm/slug_x[14]
    SLICE_X7Y93          LUT5 (Prop_lut5_I3_O)        0.045    -0.282 r  slug_fsm/genblk2[15].FF_70_i_1/O
                         net (fo=1, routed)           0.000    -0.282    slug_fsm/slug_x_d[15]
    SLICE_X7Y93          FDRE                                         r  slug_fsm/genblk2[15].FF_70/D
  -------------------------------------------------------------------    -------------------

                         (clock clk_out1_clk_wiz_0 rise edge)
                                                      0.000     0.000 r  
    W5                                                0.000     0.000 r  board_clk_i (IN)
                         net (fo=0)                   0.000     0.000    labVGA_clks/my_clk_inst/board_clk_i
    W5                   IBUF (Prop_ibuf_I_O)         0.414     0.414 r  labVGA_clks/my_clk_inst/clkin1_ibufg/O
                         net (fo=1, routed)           0.480     0.894    labVGA_clks/my_clk_inst/clk_in1_clk_wiz_0
    MMCME2_ADV_X1Y0      MMCME2_ADV (Prop_mmcme2_adv_CLKIN1_CLKOUT0)
                                                     -3.142    -2.248 r  labVGA_clks/my_clk_inst/mmcm_adv_inst/CLKOUT0
                         net (fo=1, routed)           0.530    -1.718    labVGA_clks/slowclk/clk_int
    BUFGCTRL_X0Y0        BUFG (Prop_bufg_I_O)         0.029    -1.689 r  labVGA_clks/slowclk/XLXI_401/O
                         net (fo=370, routed)         0.861    -0.828    slug_fsm/clk
    SLICE_X7Y93          FDRE                                         r  slug_fsm/genblk2[15].FF_70/C
                         clock pessimism              0.238    -0.590    
    SLICE_X7Y93          FDRE (Hold_fdre_C_D)         0.092    -0.498    slug_fsm/genblk2[15].FF_70
  -------------------------------------------------------------------
                         required time                          0.498    
                         arrival time                          -0.282    
  -------------------------------------------------------------------
                         slack                                  0.217    





Pulse Width Checks
--------------------------------------------------------------------------------------
Clock Name:         clk_out1_clk_wiz_0
Waveform(ns):       { 0.000 20.000 }
Period(ns):         40.000
Sources:            { labVGA_clks/my_clk_inst/mmcm_adv_inst/CLKOUT0 }

Check Type        Corner  Lib Pin             Reference Pin  Required(ns)  Actual(ns)  Slack(ns)  Location         Pin
Min Period        n/a     BUFG/I              n/a            2.155         40.000      37.845     BUFGCTRL_X0Y0    labVGA_clks/slowclk/XLXI_401/I
Min Period        n/a     MMCME2_ADV/CLKOUT0  n/a            1.249         40.000      38.751     MMCME2_ADV_X1Y0  labVGA_clks/my_clk_inst/mmcm_adv_inst/CLKOUT0
Min Period        n/a     FDRE/C              n/a            1.000         40.000      39.000     SLICE_X0Y78      hdmi_blue_sync[0]/C
Min Period        n/a     FDRE/C              n/a            1.000         40.000      39.000     SLICE_X0Y78      hdmi_blue_sync[1]/C
Min Period        n/a     FDRE/C              n/a            1.000         40.000      39.000     SLICE_X2Y81      hdmi_blue_sync[2]/C
Min Period        n/a     FDRE/C              n/a            1.000         40.000      39.000     SLICE_X2Y81      hdmi_blue_sync[3]/C
Min Period        n/a     FDRE/C              n/a            1.000         40.000      39.000     SLICE_X0Y78      hdmi_dispen_sync/C
Min Period        n/a     FDRE/C              n/a            1.000         40.000      39.000     SLICE_X2Y98      hdmi_green_sync[0]/C
Min Period        n/a     FDRE/C              n/a            1.000         40.000      39.000     SLICE_X2Y98      hdmi_green_sync[1]/C
Min Period        n/a     FDRE/C              n/a            1.000         40.000      39.000     SLICE_X5Y84      hdmi_green_sync[2]/C
Max Period        n/a     MMCME2_ADV/CLKOUT0  n/a            213.360       40.000      173.360    MMCME2_ADV_X1Y0  labVGA_clks/my_clk_inst/mmcm_adv_inst/CLKOUT0
Low Pulse Width   Slow    FDRE/C              n/a            0.500         20.000      19.500     SLICE_X0Y78      hdmi_blue_sync[0]/C
Low Pulse Width   Fast    FDRE/C              n/a            0.500         20.000      19.500     SLICE_X0Y78      hdmi_blue_sync[0]/C
Low Pulse Width   Slow    FDRE/C              n/a            0.500         20.000      19.500     SLICE_X0Y78      hdmi_blue_sync[1]/C
Low Pulse Width   Fast    FDRE/C              n/a            0.500         20.000      19.500     SLICE_X0Y78      hdmi_blue_sync[1]/C
Low Pulse Width   Slow    FDRE/C              n/a            0.500         20.000      19.500     SLICE_X2Y81      hdmi_blue_sync[2]/C
Low Pulse Width   Fast    FDRE/C              n/a            0.500         20.000      19.500     SLICE_X2Y81      hdmi_blue_sync[2]/C
Low Pulse Width   Slow    FDRE/C              n/a            0.500         20.000      19.500     SLICE_X2Y81      hdmi_blue_sync[3]/C
Low Pulse Width   Fast    FDRE/C              n/a            0.500         20.000      19.500     SLICE_X2Y81      hdmi_blue_sync[3]/C
Low Pulse Width   Slow    FDRE/C              n/a            0.500         20.000      19.500     SLICE_X0Y78      hdmi_dispen_sync/C
Low Pulse Width   Fast    FDRE/C              n/a            0.500         20.000      19.500     SLICE_X0Y78      hdmi_dispen_sync/C
High Pulse Width  Slow    FDRE/C              n/a            0.500         20.000      19.500     SLICE_X0Y78      hdmi_blue_sync[0]/C
High Pulse Width  Fast    FDRE/C              n/a            0.500         20.000      19.500     SLICE_X0Y78      hdmi_blue_sync[0]/C
High Pulse Width  Slow    FDRE/C              n/a            0.500         20.000      19.500     SLICE_X0Y78      hdmi_blue_sync[1]/C
High Pulse Width  Fast    FDRE/C              n/a            0.500         20.000      19.500     SLICE_X0Y78      hdmi_blue_sync[1]/C
High Pulse Width  Slow    FDRE/C              n/a            0.500         20.000      19.500     SLICE_X2Y81      hdmi_blue_sync[2]/C
High Pulse Width  Fast    FDRE/C              n/a            0.500         20.000      19.500     SLICE_X2Y81      hdmi_blue_sync[2]/C
High Pulse Width  Slow    FDRE/C              n/a            0.500         20.000      19.500     SLICE_X2Y81      hdmi_blue_sync[3]/C
High Pulse Width  Fast    FDRE/C              n/a            0.500         20.000      19.500     SLICE_X2Y81      hdmi_blue_sync[3]/C
High Pulse Width  Slow    FDRE/C              n/a            0.500         20.000      19.500     SLICE_X0Y78      hdmi_dispen_sync/C
High Pulse Width  Fast    FDRE/C              n/a            0.500         20.000      19.500     SLICE_X0Y78      hdmi_dispen_sync/C



---------------------------------------------------------------------------------------------------
From Clock:  clkfbout_clk_wiz_0
  To Clock:  clkfbout_clk_wiz_0

Setup :           NA  Failing Endpoints,  Worst Slack           NA  ,  Total Violation           NA
Hold  :           NA  Failing Endpoints,  Worst Slack           NA  ,  Total Violation           NA
PW    :            0  Failing Endpoints,  Worst Slack        7.845ns,  Total Violation        0.000ns
---------------------------------------------------------------------------------------------------


Pulse Width Checks
--------------------------------------------------------------------------------------
Clock Name:         clkfbout_clk_wiz_0
Waveform(ns):       { 0.000 5.000 }
Period(ns):         10.000
Sources:            { labVGA_clks/my_clk_inst/mmcm_adv_inst/CLKFBOUT }

Check Type  Corner  Lib Pin              Reference Pin  Required(ns)  Actual(ns)  Slack(ns)  Location         Pin
Min Period  n/a     BUFG/I               n/a            2.155         10.000      7.845      BUFGCTRL_X0Y1    labVGA_clks/my_clk_inst/clkf_buf/I
Min Period  n/a     MMCME2_ADV/CLKFBOUT  n/a            1.249         10.000      8.751      MMCME2_ADV_X1Y0  labVGA_clks/my_clk_inst/mmcm_adv_inst/CLKFBOUT
Min Period  n/a     MMCME2_ADV/CLKFBIN   n/a            1.249         10.000      8.751      MMCME2_ADV_X1Y0  labVGA_clks/my_clk_inst/mmcm_adv_inst/CLKFBIN
Max Period  n/a     MMCME2_ADV/CLKFBIN   n/a            100.000       10.000      90.000     MMCME2_ADV_X1Y0  labVGA_clks/my_clk_inst/mmcm_adv_inst/CLKFBIN
Max Period  n/a     MMCME2_ADV/CLKFBOUT  n/a            213.360       10.000      203.360    MMCME2_ADV_X1Y0  labVGA_clks/my_clk_inst/mmcm_adv_inst/CLKFBOUT



--------------------------------------------------------------------------------------
Path Group:  (none)
From Clock:  clk_out1_clk_wiz_0
  To Clock:  

Max Delay            27 Endpoints
Min Delay            27 Endpoints
--------------------------------------------------------------------------------------


Max Delay Paths
--------------------------------------------------------------------------------------
Slack:                    inf
  Source:                 labVGA_clks/my_clk_inst/mmcm_adv_inst/CLKOUT0
                            (clock source 'clk_out1_clk_wiz_0'  {rise@0.000ns fall@20.000ns period=40.000ns})
  Destination:            hdmi_clk_o
                            (output port)
  Path Group:             (none)
  Path Type:              Max at Slow Process Corner
  Data Path Delay:        8.192ns  (logic 3.604ns (43.990%)  route 4.589ns (56.010%))
  Logic Levels:           2  (BUFG=1 OBUF=1)
  Clock Uncertainty:      0.195ns  ((TSJ^2 + DJ^2)^1/2) / 2 + PE
    Total System Jitter     (TSJ):    0.050ns
    Discrete Jitter          (DJ):    0.175ns
    Phase Error              (PE):    0.104ns

    Location             Delay type                Incr(ns)  Path(ns)    Netlist Resource(s)
  -------------------------------------------------------------------    -------------------
                         (clock clk_out1_clk_wiz_0 fall edge)
                                                     20.000    20.000 f  
    W5                                                0.000    20.000 f  board_clk_i (IN)
                         net (fo=0)                   0.000    20.000    labVGA_clks/my_clk_inst/board_clk_i
    W5                   IBUF (Prop_ibuf_I_O)         1.458    21.458 f  labVGA_clks/my_clk_inst/clkin1_ibufg/O
                         net (fo=1, routed)           1.233    22.691    labVGA_clks/my_clk_inst/clk_in1_clk_wiz_0
  -------------------------------------------------------------------    -------------------
    MMCME2_ADV_X1Y0      MMCME2_ADV (Prop_mmcme2_adv_CLKIN1_CLKOUT0)
                                                     -6.961    15.731 f  labVGA_clks/my_clk_inst/mmcm_adv_inst/CLKOUT0
                         net (fo=1, routed)           1.661    17.392    labVGA_clks/slowclk/clk_int
    BUFGCTRL_X0Y0        BUFG (Prop_bufg_I_O)         0.096    17.488 f  labVGA_clks/slowclk/XLXI_401/O
                         net (fo=370, routed)         2.927    20.415    hdmi_clk_o_OBUF
    M18                  OBUF (Prop_obuf_I_O)         3.508    23.923 f  hdmi_clk_o_OBUF_inst/O
                         net (fo=0)                   0.000    23.923    hdmi_clk_o
    M18                                                               f  hdmi_clk_o (OUT)
  -------------------------------------------------------------------    -------------------

Slack:                    inf
  Source:                 game_fsm/genblk2[1].FF_77/C
                            (rising edge-triggered cell FDRE clocked by clk_out1_clk_wiz_0  {rise@0.000ns fall@20.000ns period=40.000ns})
  Destination:            seg_o[5]
                            (output port)
  Path Group:             (none)
  Path Type:              Max at Slow Process Corner
  Data Path Delay:        11.668ns  (logic 4.522ns (38.759%)  route 7.146ns (61.241%))
  Logic Levels:           3  (LUT4=1 LUT6=1 OBUF=1)
  Clock Uncertainty:      0.195ns  ((TSJ^2 + DJ^2)^1/2) / 2 + PE
    Total System Jitter     (TSJ):    0.050ns
    Discrete Jitter          (DJ):    0.175ns
    Phase Error              (PE):    0.104ns

    Location             Delay type                Incr(ns)  Path(ns)    Netlist Resource(s)
  -------------------------------------------------------------------    -------------------
                         (clock clk_out1_clk_wiz_0 rise edge)
                                                      0.000     0.000 r  
    W5                                                0.000     0.000 r  board_clk_i (IN)
                         net (fo=0)                   0.000     0.000    labVGA_clks/my_clk_inst/board_clk_i
    W5                   IBUF (Prop_ibuf_I_O)         1.458     1.458 r  labVGA_clks/my_clk_inst/clkin1_ibufg/O
                         net (fo=1, routed)           1.233     2.691    labVGA_clks/my_clk_inst/clk_in1_clk_wiz_0
    MMCME2_ADV_X1Y0      MMCME2_ADV (Prop_mmcme2_adv_CLKIN1_CLKOUT0)
                                                     -6.961    -4.269 r  labVGA_clks/my_clk_inst/mmcm_adv_inst/CLKOUT0
                         net (fo=1, routed)           1.661    -2.608    labVGA_clks/slowclk/clk_int
    BUFGCTRL_X0Y0        BUFG (Prop_bufg_I_O)         0.096    -2.512 r  labVGA_clks/slowclk/XLXI_401/O
                         net (fo=370, routed)         1.555    -0.957    game_fsm/clk_out
    SLICE_X10Y89         FDRE                                         r  game_fsm/genblk2[1].FF_77/C
  -------------------------------------------------------------------    -------------------
    SLICE_X10Y89         FDRE (Prop_fdre_C_Q)         0.518    -0.439 f  game_fsm/genblk2[1].FF_77/Q
                         net (fo=7, routed)           1.011     0.572    ring_counter/lives[1]
    SLICE_X13Y89         LUT6 (Prop_lut6_I3_O)        0.124     0.696 r  ring_counter/seg_o_OBUF[6]_inst_i_5/O
                         net (fo=7, routed)           0.989     1.685    ring_counter/seg_o_OBUF[6]_inst_i_5_n_0
    SLICE_X12Y86         LUT4 (Prop_lut4_I3_O)        0.152     1.837 r  ring_counter/seg_o_OBUF[5]_inst_i_1/O
                         net (fo=1, routed)           5.145     6.983    seg_o_OBUF[5]
    V5                   OBUF (Prop_obuf_I_O)         3.728    10.711 r  seg_o_OBUF[5]_inst/O
                         net (fo=0)                   0.000    10.711    seg_o[5]
    V5                                                                r  seg_o[5] (OUT)
  -------------------------------------------------------------------    -------------------

Slack:                    inf
  Source:                 ring_counter/ff0/C
                            (rising edge-triggered cell FDRE clocked by clk_out1_clk_wiz_0  {rise@0.000ns fall@20.000ns period=40.000ns})
  Destination:            seg_o[6]
                            (output port)
  Path Group:             (none)
  Path Type:              Max at Slow Process Corner
  Data Path Delay:        11.595ns  (logic 4.297ns (37.064%)  route 7.297ns (62.936%))
  Logic Levels:           3  (LUT4=1 LUT6=1 OBUF=1)
  Clock Uncertainty:      0.195ns  ((TSJ^2 + DJ^2)^1/2) / 2 + PE
    Total System Jitter     (TSJ):    0.050ns
    Discrete Jitter          (DJ):    0.175ns
    Phase Error              (PE):    0.104ns

    Location             Delay type                Incr(ns)  Path(ns)    Netlist Resource(s)
  -------------------------------------------------------------------    -------------------
                         (clock clk_out1_clk_wiz_0 rise edge)
                                                      0.000     0.000 r  
    W5                                                0.000     0.000 r  board_clk_i (IN)
                         net (fo=0)                   0.000     0.000    labVGA_clks/my_clk_inst/board_clk_i
    W5                   IBUF (Prop_ibuf_I_O)         1.458     1.458 r  labVGA_clks/my_clk_inst/clkin1_ibufg/O
                         net (fo=1, routed)           1.233     2.691    labVGA_clks/my_clk_inst/clk_in1_clk_wiz_0
    MMCME2_ADV_X1Y0      MMCME2_ADV (Prop_mmcme2_adv_CLKIN1_CLKOUT0)
                                                     -6.961    -4.269 r  labVGA_clks/my_clk_inst/mmcm_adv_inst/CLKOUT0
                         net (fo=1, routed)           1.661    -2.608    labVGA_clks/slowclk/clk_int
    BUFGCTRL_X0Y0        BUFG (Prop_bufg_I_O)         0.096    -2.512 r  labVGA_clks/slowclk/XLXI_401/O
                         net (fo=370, routed)         1.554    -0.958    ring_counter/clk
    SLICE_X12Y88         FDRE                                         r  ring_counter/ff0/C
  -------------------------------------------------------------------    -------------------
    SLICE_X12Y88         FDRE (Prop_fdre_C_Q)         0.518    -0.440 f  ring_counter/ff0/Q
                         net (fo=7, routed)           1.009     0.569    ring_counter/hex_digit_index[0]
    SLICE_X12Y89         LUT6 (Prop_lut6_I4_O)        0.124     0.693 r  ring_counter/seg_o_OBUF[6]_inst_i_3/O
                         net (fo=7, routed)           1.002     1.695    ring_counter/seg_o_OBUF[6]_inst_i_3_n_0
    SLICE_X12Y86         LUT4 (Prop_lut4_I1_O)        0.124     1.819 r  ring_counter/seg_o_OBUF[6]_inst_i_1/O
                         net (fo=1, routed)           5.286     7.105    seg_o_OBUF[6]
    U7                   OBUF (Prop_obuf_I_O)         3.531    10.637 r  seg_o_OBUF[6]_inst/O
                         net (fo=0)                   0.000    10.637    seg_o[6]
    U7                                                                r  seg_o[6] (OUT)
  -------------------------------------------------------------------    -------------------

Slack:                    inf
  Source:                 ring_counter/ff1/C
                            (rising edge-triggered cell FDRE clocked by clk_out1_clk_wiz_0  {rise@0.000ns fall@20.000ns period=40.000ns})
  Destination:            seg_o[4]
                            (output port)
  Path Group:             (none)
  Path Type:              Max at Slow Process Corner
  Data Path Delay:        11.485ns  (logic 4.522ns (39.373%)  route 6.963ns (60.627%))
  Logic Levels:           3  (LUT4=1 LUT6=1 OBUF=1)
  Clock Uncertainty:      0.195ns  ((TSJ^2 + DJ^2)^1/2) / 2 + PE
    Total System Jitter     (TSJ):    0.050ns
    Discrete Jitter          (DJ):    0.175ns
    Phase Error              (PE):    0.104ns

    Location             Delay type                Incr(ns)  Path(ns)    Netlist Resource(s)
  -------------------------------------------------------------------    -------------------
                         (clock clk_out1_clk_wiz_0 rise edge)
                                                      0.000     0.000 r  
    W5                                                0.000     0.000 r  board_clk_i (IN)
                         net (fo=0)                   0.000     0.000    labVGA_clks/my_clk_inst/board_clk_i
    W5                   IBUF (Prop_ibuf_I_O)         1.458     1.458 r  labVGA_clks/my_clk_inst/clkin1_ibufg/O
                         net (fo=1, routed)           1.233     2.691    labVGA_clks/my_clk_inst/clk_in1_clk_wiz_0
    MMCME2_ADV_X1Y0      MMCME2_ADV (Prop_mmcme2_adv_CLKIN1_CLKOUT0)
                                                     -6.961    -4.269 r  labVGA_clks/my_clk_inst/mmcm_adv_inst/CLKOUT0
                         net (fo=1, routed)           1.661    -2.608    labVGA_clks/slowclk/clk_int
    BUFGCTRL_X0Y0        BUFG (Prop_bufg_I_O)         0.096    -2.512 r  labVGA_clks/slowclk/XLXI_401/O
                         net (fo=370, routed)         1.554    -0.958    ring_counter/clk
    SLICE_X12Y88         FDRE                                         r  ring_counter/ff1/C
  -------------------------------------------------------------------    -------------------
    SLICE_X12Y88         FDRE (Prop_fdre_C_Q)         0.518    -0.440 f  ring_counter/ff1/Q
                         net (fo=7, routed)           1.010     0.570    ring_counter/hex_digit_index[1]
    SLICE_X13Y89         LUT6 (Prop_lut6_I1_O)        0.124     0.694 r  ring_counter/seg_o_OBUF[6]_inst_i_2/O
                         net (fo=7, routed)           1.021     1.715    ring_counter/seg_o_OBUF[6]_inst_i_2_n_0
    SLICE_X12Y86         LUT4 (Prop_lut4_I3_O)        0.153     1.868 r  ring_counter/seg_o_OBUF[4]_inst_i_1/O
                         net (fo=1, routed)           4.932     6.800    seg_o_OBUF[4]
    U5                   OBUF (Prop_obuf_I_O)         3.727    10.527 r  seg_o_OBUF[4]_inst/O
                         net (fo=0)                   0.000    10.527    seg_o[4]
    U5                                                                r  seg_o[4] (OUT)
  -------------------------------------------------------------------    -------------------

Slack:                    inf
  Source:                 game_fsm/genblk2[1].FF_77/C
                            (rising edge-triggered cell FDRE clocked by clk_out1_clk_wiz_0  {rise@0.000ns fall@20.000ns period=40.000ns})
  Destination:            seg_o[1]
                            (output port)
  Path Group:             (none)
  Path Type:              Max at Slow Process Corner
  Data Path Delay:        11.440ns  (logic 4.525ns (39.554%)  route 6.915ns (60.446%))
  Logic Levels:           3  (LUT4=1 LUT6=1 OBUF=1)
  Clock Uncertainty:      0.195ns  ((TSJ^2 + DJ^2)^1/2) / 2 + PE
    Total System Jitter     (TSJ):    0.050ns
    Discrete Jitter          (DJ):    0.175ns
    Phase Error              (PE):    0.104ns

    Location             Delay type                Incr(ns)  Path(ns)    Netlist Resource(s)
  -------------------------------------------------------------------    -------------------
                         (clock clk_out1_clk_wiz_0 rise edge)
                                                      0.000     0.000 r  
    W5                                                0.000     0.000 r  board_clk_i (IN)
                         net (fo=0)                   0.000     0.000    labVGA_clks/my_clk_inst/board_clk_i
    W5                   IBUF (Prop_ibuf_I_O)         1.458     1.458 r  labVGA_clks/my_clk_inst/clkin1_ibufg/O
                         net (fo=1, routed)           1.233     2.691    labVGA_clks/my_clk_inst/clk_in1_clk_wiz_0
    MMCME2_ADV_X1Y0      MMCME2_ADV (Prop_mmcme2_adv_CLKIN1_CLKOUT0)
                                                     -6.961    -4.269 r  labVGA_clks/my_clk_inst/mmcm_adv_inst/CLKOUT0
                         net (fo=1, routed)           1.661    -2.608    labVGA_clks/slowclk/clk_int
    BUFGCTRL_X0Y0        BUFG (Prop_bufg_I_O)         0.096    -2.512 r  labVGA_clks/slowclk/XLXI_401/O
                         net (fo=370, routed)         1.555    -0.957    game_fsm/clk_out
    SLICE_X10Y89         FDRE                                         r  game_fsm/genblk2[1].FF_77/C
  -------------------------------------------------------------------    -------------------
    SLICE_X10Y89         FDRE (Prop_fdre_C_Q)         0.518    -0.439 f  game_fsm/genblk2[1].FF_77/Q
                         net (fo=7, routed)           1.011     0.572    ring_counter/lives[1]
    SLICE_X13Y89         LUT6 (Prop_lut6_I3_O)        0.124     0.696 r  ring_counter/seg_o_OBUF[6]_inst_i_5/O
                         net (fo=7, routed)           0.999     1.695    ring_counter/seg_o_OBUF[6]_inst_i_5_n_0
    SLICE_X12Y86         LUT4 (Prop_lut4_I2_O)        0.150     1.845 r  ring_counter/seg_o_OBUF[1]_inst_i_1/O
                         net (fo=1, routed)           4.905     6.750    seg_o_OBUF[1]
    W6                   OBUF (Prop_obuf_I_O)         3.733    10.484 r  seg_o_OBUF[1]_inst/O
                         net (fo=0)                   0.000    10.484    seg_o[1]
    W6                                                                r  seg_o[1] (OUT)
  -------------------------------------------------------------------    -------------------

Slack:                    inf
  Source:                 ring_counter/ff1/C
                            (rising edge-triggered cell FDRE clocked by clk_out1_clk_wiz_0  {rise@0.000ns fall@20.000ns period=40.000ns})
  Destination:            seg_o[3]
                            (output port)
  Path Group:             (none)
  Path Type:              Max at Slow Process Corner
  Data Path Delay:        11.242ns  (logic 4.302ns (38.264%)  route 6.940ns (61.736%))
  Logic Levels:           3  (LUT4=1 LUT6=1 OBUF=1)
  Clock Uncertainty:      0.195ns  ((TSJ^2 + DJ^2)^1/2) / 2 + PE
    Total System Jitter     (TSJ):    0.050ns
    Discrete Jitter          (DJ):    0.175ns
    Phase Error              (PE):    0.104ns

    Location             Delay type                Incr(ns)  Path(ns)    Netlist Resource(s)
  -------------------------------------------------------------------    -------------------
                         (clock clk_out1_clk_wiz_0 rise edge)
                                                      0.000     0.000 r  
    W5                                                0.000     0.000 r  board_clk_i (IN)
                         net (fo=0)                   0.000     0.000    labVGA_clks/my_clk_inst/board_clk_i
    W5                   IBUF (Prop_ibuf_I_O)         1.458     1.458 r  labVGA_clks/my_clk_inst/clkin1_ibufg/O
                         net (fo=1, routed)           1.233     2.691    labVGA_clks/my_clk_inst/clk_in1_clk_wiz_0
    MMCME2_ADV_X1Y0      MMCME2_ADV (Prop_mmcme2_adv_CLKIN1_CLKOUT0)
                                                     -6.961    -4.269 r  labVGA_clks/my_clk_inst/mmcm_adv_inst/CLKOUT0
                         net (fo=1, routed)           1.661    -2.608    labVGA_clks/slowclk/clk_int
    BUFGCTRL_X0Y0        BUFG (Prop_bufg_I_O)         0.096    -2.512 r  labVGA_clks/slowclk/XLXI_401/O
                         net (fo=370, routed)         1.554    -0.958    ring_counter/clk
    SLICE_X12Y88         FDRE                                         r  ring_counter/ff1/C
  -------------------------------------------------------------------    -------------------
    SLICE_X12Y88         FDRE (Prop_fdre_C_Q)         0.518    -0.440 f  ring_counter/ff1/Q
                         net (fo=7, routed)           1.010     0.570    ring_counter/hex_digit_index[1]
    SLICE_X13Y89         LUT6 (Prop_lut6_I1_O)        0.124     0.694 r  ring_counter/seg_o_OBUF[6]_inst_i_2/O
                         net (fo=7, routed)           1.021     1.715    ring_counter/seg_o_OBUF[6]_inst_i_2_n_0
    SLICE_X12Y86         LUT4 (Prop_lut4_I0_O)        0.124     1.839 r  ring_counter/seg_o_OBUF[3]_inst_i_1/O
                         net (fo=1, routed)           4.910     6.748    seg_o_OBUF[3]
    V8                   OBUF (Prop_obuf_I_O)         3.536    10.284 r  seg_o_OBUF[3]_inst/O
                         net (fo=0)                   0.000    10.284    seg_o[3]
    V8                                                                r  seg_o[3] (OUT)
  -------------------------------------------------------------------    -------------------

Slack:                    inf
  Source:                 game_fsm/genblk2[1].FF_77/C
                            (rising edge-triggered cell FDRE clocked by clk_out1_clk_wiz_0  {rise@0.000ns fall@20.000ns period=40.000ns})
  Destination:            seg_o[2]
                            (output port)
  Path Group:             (none)
  Path Type:              Max at Slow Process Corner
  Data Path Delay:        11.038ns  (logic 4.301ns (38.968%)  route 6.737ns (61.032%))
  Logic Levels:           3  (LUT4=1 LUT6=1 OBUF=1)
  Clock Uncertainty:      0.195ns  ((TSJ^2 + DJ^2)^1/2) / 2 + PE
    Total System Jitter     (TSJ):    0.050ns
    Discrete Jitter          (DJ):    0.175ns
    Phase Error              (PE):    0.104ns

    Location             Delay type                Incr(ns)  Path(ns)    Netlist Resource(s)
  -------------------------------------------------------------------    -------------------
                         (clock clk_out1_clk_wiz_0 rise edge)
                                                      0.000     0.000 r  
    W5                                                0.000     0.000 r  board_clk_i (IN)
                         net (fo=0)                   0.000     0.000    labVGA_clks/my_clk_inst/board_clk_i
    W5                   IBUF (Prop_ibuf_I_O)         1.458     1.458 r  labVGA_clks/my_clk_inst/clkin1_ibufg/O
                         net (fo=1, routed)           1.233     2.691    labVGA_clks/my_clk_inst/clk_in1_clk_wiz_0
    MMCME2_ADV_X1Y0      MMCME2_ADV (Prop_mmcme2_adv_CLKIN1_CLKOUT0)
                                                     -6.961    -4.269 r  labVGA_clks/my_clk_inst/mmcm_adv_inst/CLKOUT0
                         net (fo=1, routed)           1.661    -2.608    labVGA_clks/slowclk/clk_int
    BUFGCTRL_X0Y0        BUFG (Prop_bufg_I_O)         0.096    -2.512 r  labVGA_clks/slowclk/XLXI_401/O
                         net (fo=370, routed)         1.555    -0.957    game_fsm/clk_out
    SLICE_X10Y89         FDRE                                         r  game_fsm/genblk2[1].FF_77/C
  -------------------------------------------------------------------    -------------------
    SLICE_X10Y89         FDRE (Prop_fdre_C_Q)         0.518    -0.439 r  game_fsm/genblk2[1].FF_77/Q
                         net (fo=7, routed)           1.011     0.572    ring_counter/lives[1]
    SLICE_X13Y89         LUT6 (Prop_lut6_I3_O)        0.124     0.696 f  ring_counter/seg_o_OBUF[6]_inst_i_5/O
                         net (fo=7, routed)           0.989     1.685    ring_counter/seg_o_OBUF[6]_inst_i_5_n_0
    SLICE_X12Y86         LUT4 (Prop_lut4_I3_O)        0.124     1.809 r  ring_counter/seg_o_OBUF[2]_inst_i_1/O
                         net (fo=1, routed)           4.736     6.546    seg_o_OBUF[2]
    U8                   OBUF (Prop_obuf_I_O)         3.535    10.081 r  seg_o_OBUF[2]_inst/O
                         net (fo=0)                   0.000    10.081    seg_o[2]
    U8                                                                r  seg_o[2] (OUT)
  -------------------------------------------------------------------    -------------------

Slack:                    inf
  Source:                 game_fsm/genblk2[1].FF_77/C
                            (rising edge-triggered cell FDRE clocked by clk_out1_clk_wiz_0  {rise@0.000ns fall@20.000ns period=40.000ns})
  Destination:            seg_o[0]
                            (output port)
  Path Group:             (none)
  Path Type:              Max at Slow Process Corner
  Data Path Delay:        11.015ns  (logic 4.277ns (38.825%)  route 6.739ns (61.175%))
  Logic Levels:           3  (LUT4=1 LUT6=1 OBUF=1)
  Clock Uncertainty:      0.195ns  ((TSJ^2 + DJ^2)^1/2) / 2 + PE
    Total System Jitter     (TSJ):    0.050ns
    Discrete Jitter          (DJ):    0.175ns
    Phase Error              (PE):    0.104ns

    Location             Delay type                Incr(ns)  Path(ns)    Netlist Resource(s)
  -------------------------------------------------------------------    -------------------
                         (clock clk_out1_clk_wiz_0 rise edge)
                                                      0.000     0.000 r  
    W5                                                0.000     0.000 r  board_clk_i (IN)
                         net (fo=0)                   0.000     0.000    labVGA_clks/my_clk_inst/board_clk_i
    W5                   IBUF (Prop_ibuf_I_O)         1.458     1.458 r  labVGA_clks/my_clk_inst/clkin1_ibufg/O
                         net (fo=1, routed)           1.233     2.691    labVGA_clks/my_clk_inst/clk_in1_clk_wiz_0
    MMCME2_ADV_X1Y0      MMCME2_ADV (Prop_mmcme2_adv_CLKIN1_CLKOUT0)
                                                     -6.961    -4.269 r  labVGA_clks/my_clk_inst/mmcm_adv_inst/CLKOUT0
                         net (fo=1, routed)           1.661    -2.608    labVGA_clks/slowclk/clk_int
    BUFGCTRL_X0Y0        BUFG (Prop_bufg_I_O)         0.096    -2.512 r  labVGA_clks/slowclk/XLXI_401/O
                         net (fo=370, routed)         1.555    -0.957    game_fsm/clk_out
    SLICE_X10Y89         FDRE                                         r  game_fsm/genblk2[1].FF_77/C
  -------------------------------------------------------------------    -------------------
    SLICE_X10Y89         FDRE (Prop_fdre_C_Q)         0.518    -0.439 f  game_fsm/genblk2[1].FF_77/Q
                         net (fo=7, routed)           1.011     0.572    ring_counter/lives[1]
    SLICE_X13Y89         LUT6 (Prop_lut6_I3_O)        0.124     0.696 r  ring_counter/seg_o_OBUF[6]_inst_i_5/O
                         net (fo=7, routed)           0.999     1.695    ring_counter/seg_o_OBUF[6]_inst_i_5_n_0
    SLICE_X12Y86         LUT4 (Prop_lut4_I1_O)        0.124     1.819 r  ring_counter/seg_o_OBUF[0]_inst_i_1/O
                         net (fo=1, routed)           4.728     6.548    seg_o_OBUF[0]
    W7                   OBUF (Prop_obuf_I_O)         3.511    10.058 r  seg_o_OBUF[0]_inst/O
                         net (fo=0)                   0.000    10.058    seg_o[0]
    W7                                                                r  seg_o[0] (OUT)
  -------------------------------------------------------------------    -------------------

Slack:                    inf
  Source:                 ring_counter/ff3/C
                            (rising edge-triggered cell FDRE clocked by clk_out1_clk_wiz_0  {rise@0.000ns fall@20.000ns period=40.000ns})
  Destination:            an_o[3]
                            (output port)
  Path Group:             (none)
  Path Type:              Max at Slow Process Corner
  Data Path Delay:        9.943ns  (logic 4.283ns (43.078%)  route 5.660ns (56.922%))
  Logic Levels:           2  (LUT1=1 OBUF=1)
  Clock Uncertainty:      0.195ns  ((TSJ^2 + DJ^2)^1/2) / 2 + PE
    Total System Jitter     (TSJ):    0.050ns
    Discrete Jitter          (DJ):    0.175ns
    Phase Error              (PE):    0.104ns

    Location             Delay type                Incr(ns)  Path(ns)    Netlist Resource(s)
  -------------------------------------------------------------------    -------------------
                         (clock clk_out1_clk_wiz_0 rise edge)
                                                      0.000     0.000 r  
    W5                                                0.000     0.000 r  board_clk_i (IN)
                         net (fo=0)                   0.000     0.000    labVGA_clks/my_clk_inst/board_clk_i
    W5                   IBUF (Prop_ibuf_I_O)         1.458     1.458 r  labVGA_clks/my_clk_inst/clkin1_ibufg/O
                         net (fo=1, routed)           1.233     2.691    labVGA_clks/my_clk_inst/clk_in1_clk_wiz_0
    MMCME2_ADV_X1Y0      MMCME2_ADV (Prop_mmcme2_adv_CLKIN1_CLKOUT0)
                                                     -6.961    -4.269 r  labVGA_clks/my_clk_inst/mmcm_adv_inst/CLKOUT0
                         net (fo=1, routed)           1.661    -2.608    labVGA_clks/slowclk/clk_int
    BUFGCTRL_X0Y0        BUFG (Prop_bufg_I_O)         0.096    -2.512 r  labVGA_clks/slowclk/XLXI_401/O
                         net (fo=370, routed)         1.554    -0.958    ring_counter/clk
    SLICE_X12Y88         FDRE                                         r  ring_counter/ff3/C
  -------------------------------------------------------------------    -------------------
    SLICE_X12Y88         FDRE (Prop_fdre_C_Q)         0.478    -0.480 f  ring_counter/ff3/Q
                         net (fo=7, routed)           0.991     0.511    ring_counter/hex_digit_index[3]
    SLICE_X13Y86         LUT1 (Prop_lut1_I0_O)        0.295     0.806 r  ring_counter/an_o_OBUF[3]_inst_i_1/O
                         net (fo=1, routed)           4.669     5.475    an_o_OBUF[3]
    W4                   OBUF (Prop_obuf_I_O)         3.510     8.985 r  an_o_OBUF[3]_inst/O
                         net (fo=0)                   0.000     8.985    an_o[3]
    W4                                                                r  an_o[3] (OUT)
  -------------------------------------------------------------------    -------------------

Slack:                    inf
  Source:                 ring_counter/ff0/C
                            (rising edge-triggered cell FDRE clocked by clk_out1_clk_wiz_0  {rise@0.000ns fall@20.000ns period=40.000ns})
  Destination:            an_o[0]
                            (output port)
  Path Group:             (none)
  Path Type:              Max at Slow Process Corner
  Data Path Delay:        9.628ns  (logic 4.145ns (43.051%)  route 5.483ns (56.949%))
  Logic Levels:           2  (LUT1=1 OBUF=1)
  Clock Uncertainty:      0.195ns  ((TSJ^2 + DJ^2)^1/2) / 2 + PE
    Total System Jitter     (TSJ):    0.050ns
    Discrete Jitter          (DJ):    0.175ns
    Phase Error              (PE):    0.104ns

    Location             Delay type                Incr(ns)  Path(ns)    Netlist Resource(s)
  -------------------------------------------------------------------    -------------------
                         (clock clk_out1_clk_wiz_0 rise edge)
                                                      0.000     0.000 r  
    W5                                                0.000     0.000 r  board_clk_i (IN)
                         net (fo=0)                   0.000     0.000    labVGA_clks/my_clk_inst/board_clk_i
    W5                   IBUF (Prop_ibuf_I_O)         1.458     1.458 r  labVGA_clks/my_clk_inst/clkin1_ibufg/O
                         net (fo=1, routed)           1.233     2.691    labVGA_clks/my_clk_inst/clk_in1_clk_wiz_0
    MMCME2_ADV_X1Y0      MMCME2_ADV (Prop_mmcme2_adv_CLKIN1_CLKOUT0)
                                                     -6.961    -4.269 r  labVGA_clks/my_clk_inst/mmcm_adv_inst/CLKOUT0
                         net (fo=1, routed)           1.661    -2.608    labVGA_clks/slowclk/clk_int
    BUFGCTRL_X0Y0        BUFG (Prop_bufg_I_O)         0.096    -2.512 r  labVGA_clks/slowclk/XLXI_401/O
                         net (fo=370, routed)         1.554    -0.958    ring_counter/clk
    SLICE_X12Y88         FDRE                                         r  ring_counter/ff0/C
  -------------------------------------------------------------------    -------------------
    SLICE_X12Y88         FDRE (Prop_fdre_C_Q)         0.518    -0.440 f  ring_counter/ff0/Q
                         net (fo=7, routed)           0.816     0.376    ring_counter/hex_digit_index[0]
    SLICE_X12Y88         LUT1 (Prop_lut1_I0_O)        0.124     0.500 r  ring_counter/an_o_OBUF[0]_inst_i_1/O
                         net (fo=1, routed)           4.667     5.167    an_o_OBUF[0]
    U2                   OBUF (Prop_obuf_I_O)         3.503     8.670 r  an_o_OBUF[0]_inst/O
                         net (fo=0)                   0.000     8.670    an_o[0]
    U2                                                                r  an_o[0] (OUT)
  -------------------------------------------------------------------    -------------------





Min Delay Paths
--------------------------------------------------------------------------------------
Slack:                    inf
  Source:                 labVGA_clks/my_clk_inst/mmcm_adv_inst/CLKOUT0
                            (clock source 'clk_out1_clk_wiz_0'  {rise@0.000ns fall@20.000ns period=40.000ns})
  Destination:            hdmi_clk_o
                            (output port)
  Path Group:             (none)
  Path Type:              Min at Fast Process Corner
  Data Path Delay:        2.460ns  (logic 1.235ns (50.196%)  route 1.225ns (49.804%))
  Logic Levels:           2  (BUFG=1 OBUF=1)
  Clock Uncertainty:      0.195ns  ((TSJ^2 + DJ^2)^1/2) / 2 + PE
    Total System Jitter     (TSJ):    0.050ns
    Discrete Jitter          (DJ):    0.175ns
    Phase Error              (PE):    0.104ns

    Location             Delay type                Incr(ns)  Path(ns)    Netlist Resource(s)
  -------------------------------------------------------------------    -------------------
                         (clock clk_out1_clk_wiz_0 rise edge)
                                                      0.000     0.000 r  
    W5                                                0.000     0.000 r  board_clk_i (IN)
                         net (fo=0)                   0.000     0.000    labVGA_clks/my_clk_inst/board_clk_i
    W5                   IBUF (Prop_ibuf_I_O)         0.226     0.226 r  labVGA_clks/my_clk_inst/clkin1_ibufg/O
                         net (fo=1, routed)           0.440     0.667    labVGA_clks/my_clk_inst/clk_in1_clk_wiz_0
  -------------------------------------------------------------------    -------------------
    MMCME2_ADV_X1Y0      MMCME2_ADV (Prop_mmcme2_adv_CLKIN1_CLKOUT0)
                                                     -2.360    -1.693 r  labVGA_clks/my_clk_inst/mmcm_adv_inst/CLKOUT0
                         net (fo=1, routed)           0.486    -1.207    labVGA_clks/slowclk/clk_int
    BUFGCTRL_X0Y0        BUFG (Prop_bufg_I_O)         0.026    -1.181 r  labVGA_clks/slowclk/XLXI_401/O
                         net (fo=370, routed)         0.739    -0.442    hdmi_clk_o_OBUF
    M18                  OBUF (Prop_obuf_I_O)         1.209     0.767 r  hdmi_clk_o_OBUF_inst/O
                         net (fo=0)                   0.000     0.767    hdmi_clk_o
    M18                                                               r  hdmi_clk_o (OUT)
  -------------------------------------------------------------------    -------------------

Slack:                    inf
  Source:                 hdmi_green_sync[1]/C
                            (rising edge-triggered cell FDRE clocked by clk_out1_clk_wiz_0  {rise@0.000ns fall@20.000ns period=40.000ns})
  Destination:            hdmi_green_o[1]
                            (output port)
  Path Group:             (none)
  Path Type:              Min at Fast Process Corner
  Data Path Delay:        2.027ns  (logic 1.368ns (67.512%)  route 0.658ns (32.488%))
  Logic Levels:           1  (OBUF=1)
  Clock Uncertainty:      0.195ns  ((TSJ^2 + DJ^2)^1/2) / 2 + PE
    Total System Jitter     (TSJ):    0.050ns
    Discrete Jitter          (DJ):    0.175ns
    Phase Error              (PE):    0.104ns

    Location             Delay type                Incr(ns)  Path(ns)    Netlist Resource(s)
  -------------------------------------------------------------------    -------------------
                         (clock clk_out1_clk_wiz_0 rise edge)
                                                      0.000     0.000 r  
    W5                                                0.000     0.000 r  board_clk_i (IN)
                         net (fo=0)                   0.000     0.000    labVGA_clks/my_clk_inst/board_clk_i
    W5                   IBUF (Prop_ibuf_I_O)         0.226     0.226 r  labVGA_clks/my_clk_inst/clkin1_ibufg/O
                         net (fo=1, routed)           0.440     0.667    labVGA_clks/my_clk_inst/clk_in1_clk_wiz_0
    MMCME2_ADV_X1Y0      MMCME2_ADV (Prop_mmcme2_adv_CLKIN1_CLKOUT0)
                                                     -2.360    -1.693 r  labVGA_clks/my_clk_inst/mmcm_adv_inst/CLKOUT0
                         net (fo=1, routed)           0.486    -1.207    labVGA_clks/slowclk/clk_int
    BUFGCTRL_X0Y0        BUFG (Prop_bufg_I_O)         0.026    -1.181 r  labVGA_clks/slowclk/XLXI_401/O
                         net (fo=370, routed)         0.594    -0.587    hdmi_clk_o_OBUF
    SLICE_X2Y98          FDRE                                         r  hdmi_green_sync[1]/C
  -------------------------------------------------------------------    -------------------
    SLICE_X2Y98          FDRE (Prop_fdre_C_Q)         0.164    -0.423 r  hdmi_green_sync[1]/Q
                         net (fo=1, routed)           0.658     0.235    hdmi_green_o_OBUF[1]
    B16                  OBUF (Prop_obuf_I_O)         1.204     1.439 r  hdmi_green_o_OBUF[1]_inst/O
                         net (fo=0)                   0.000     1.439    hdmi_green_o[1]
    B16                                                               r  hdmi_green_o[1] (OUT)
  -------------------------------------------------------------------    -------------------

Slack:                    inf
  Source:                 hdmi_green_sync[3]/C
                            (rising edge-triggered cell FDRE clocked by clk_out1_clk_wiz_0  {rise@0.000ns fall@20.000ns period=40.000ns})
  Destination:            hdmi_green_o[3]
                            (output port)
  Path Group:             (none)
  Path Type:              Min at Fast Process Corner
  Data Path Delay:        2.053ns  (logic 1.367ns (66.563%)  route 0.687ns (33.437%))
  Logic Levels:           1  (OBUF=1)
  Clock Uncertainty:      0.195ns  ((TSJ^2 + DJ^2)^1/2) / 2 + PE
    Total System Jitter     (TSJ):    0.050ns
    Discrete Jitter          (DJ):    0.175ns
    Phase Error              (PE):    0.104ns

    Location             Delay type                Incr(ns)  Path(ns)    Netlist Resource(s)
  -------------------------------------------------------------------    -------------------
                         (clock clk_out1_clk_wiz_0 rise edge)
                                                      0.000     0.000 r  
    W5                                                0.000     0.000 r  board_clk_i (IN)
                         net (fo=0)                   0.000     0.000    labVGA_clks/my_clk_inst/board_clk_i
    W5                   IBUF (Prop_ibuf_I_O)         0.226     0.226 r  labVGA_clks/my_clk_inst/clkin1_ibufg/O
                         net (fo=1, routed)           0.440     0.667    labVGA_clks/my_clk_inst/clk_in1_clk_wiz_0
    MMCME2_ADV_X1Y0      MMCME2_ADV (Prop_mmcme2_adv_CLKIN1_CLKOUT0)
                                                     -2.360    -1.693 r  labVGA_clks/my_clk_inst/mmcm_adv_inst/CLKOUT0
                         net (fo=1, routed)           0.486    -1.207    labVGA_clks/slowclk/clk_int
    BUFGCTRL_X0Y0        BUFG (Prop_bufg_I_O)         0.026    -1.181 r  labVGA_clks/slowclk/XLXI_401/O
                         net (fo=370, routed)         0.587    -0.594    hdmi_clk_o_OBUF
    SLICE_X5Y85          FDRE                                         r  hdmi_green_sync[3]/C
  -------------------------------------------------------------------    -------------------
    SLICE_X5Y85          FDRE (Prop_fdre_C_Q)         0.141    -0.453 r  hdmi_green_sync[3]/Q
                         net (fo=1, routed)           0.687     0.233    hdmi_green_o_OBUF[3]
    B15                  OBUF (Prop_obuf_I_O)         1.226     1.459 r  hdmi_green_o_OBUF[3]_inst/O
                         net (fo=0)                   0.000     1.459    hdmi_green_o[3]
    B15                                                               r  hdmi_green_o[3] (OUT)
  -------------------------------------------------------------------    -------------------

Slack:                    inf
  Source:                 hdmi_green_sync[0]/C
                            (rising edge-triggered cell FDRE clocked by clk_out1_clk_wiz_0  {rise@0.000ns fall@20.000ns period=40.000ns})
  Destination:            hdmi_green_o[0]
                            (output port)
  Path Group:             (none)
  Path Type:              Min at Fast Process Corner
  Data Path Delay:        2.046ns  (logic 1.357ns (66.337%)  route 0.689ns (33.663%))
  Logic Levels:           1  (OBUF=1)
  Clock Uncertainty:      0.195ns  ((TSJ^2 + DJ^2)^1/2) / 2 + PE
    Total System Jitter     (TSJ):    0.050ns
    Discrete Jitter          (DJ):    0.175ns
    Phase Error              (PE):    0.104ns

    Location             Delay type                Incr(ns)  Path(ns)    Netlist Resource(s)
  -------------------------------------------------------------------    -------------------
                         (clock clk_out1_clk_wiz_0 rise edge)
                                                      0.000     0.000 r  
    W5                                                0.000     0.000 r  board_clk_i (IN)
                         net (fo=0)                   0.000     0.000    labVGA_clks/my_clk_inst/board_clk_i
    W5                   IBUF (Prop_ibuf_I_O)         0.226     0.226 r  labVGA_clks/my_clk_inst/clkin1_ibufg/O
                         net (fo=1, routed)           0.440     0.667    labVGA_clks/my_clk_inst/clk_in1_clk_wiz_0
    MMCME2_ADV_X1Y0      MMCME2_ADV (Prop_mmcme2_adv_CLKIN1_CLKOUT0)
                                                     -2.360    -1.693 r  labVGA_clks/my_clk_inst/mmcm_adv_inst/CLKOUT0
                         net (fo=1, routed)           0.486    -1.207    labVGA_clks/slowclk/clk_int
    BUFGCTRL_X0Y0        BUFG (Prop_bufg_I_O)         0.026    -1.181 r  labVGA_clks/slowclk/XLXI_401/O
                         net (fo=370, routed)         0.594    -0.587    hdmi_clk_o_OBUF
    SLICE_X2Y98          FDRE                                         r  hdmi_green_sync[0]/C
  -------------------------------------------------------------------    -------------------
    SLICE_X2Y98          FDRE (Prop_fdre_C_Q)         0.164    -0.423 r  hdmi_green_sync[0]/Q
                         net (fo=1, routed)           0.689     0.266    hdmi_green_o_OBUF[0]
    C16                  OBUF (Prop_obuf_I_O)         1.193     1.459 r  hdmi_green_o_OBUF[0]_inst/O
                         net (fo=0)                   0.000     1.459    hdmi_green_o[0]
    C16                                                               r  hdmi_green_o[0] (OUT)
  -------------------------------------------------------------------    -------------------

Slack:                    inf
  Source:                 hdmi_red_sync[0]/C
                            (rising edge-triggered cell FDRE clocked by clk_out1_clk_wiz_0  {rise@0.000ns fall@20.000ns period=40.000ns})
  Destination:            hdmi_red_o[0]
                            (output port)
  Path Group:             (none)
  Path Type:              Min at Fast Process Corner
  Data Path Delay:        2.082ns  (logic 1.350ns (64.860%)  route 0.731ns (35.140%))
  Logic Levels:           1  (OBUF=1)
  Clock Uncertainty:      0.195ns  ((TSJ^2 + DJ^2)^1/2) / 2 + PE
    Total System Jitter     (TSJ):    0.050ns
    Discrete Jitter          (DJ):    0.175ns
    Phase Error              (PE):    0.104ns

    Location             Delay type                Incr(ns)  Path(ns)    Netlist Resource(s)
  -------------------------------------------------------------------    -------------------
                         (clock clk_out1_clk_wiz_0 rise edge)
                                                      0.000     0.000 r  
    W5                                                0.000     0.000 r  board_clk_i (IN)
                         net (fo=0)                   0.000     0.000    labVGA_clks/my_clk_inst/board_clk_i
    W5                   IBUF (Prop_ibuf_I_O)         0.226     0.226 r  labVGA_clks/my_clk_inst/clkin1_ibufg/O
                         net (fo=1, routed)           0.440     0.667    labVGA_clks/my_clk_inst/clk_in1_clk_wiz_0
    MMCME2_ADV_X1Y0      MMCME2_ADV (Prop_mmcme2_adv_CLKIN1_CLKOUT0)
                                                     -2.360    -1.693 r  labVGA_clks/my_clk_inst/mmcm_adv_inst/CLKOUT0
                         net (fo=1, routed)           0.486    -1.207    labVGA_clks/slowclk/clk_int
    BUFGCTRL_X0Y0        BUFG (Prop_bufg_I_O)         0.026    -1.181 r  labVGA_clks/slowclk/XLXI_401/O
                         net (fo=370, routed)         0.584    -0.597    hdmi_clk_o_OBUF
    SLICE_X5Y81          FDRE                                         r  hdmi_red_sync[0]/C
  -------------------------------------------------------------------    -------------------
    SLICE_X5Y81          FDRE (Prop_fdre_C_Q)         0.141    -0.456 r  hdmi_red_sync[0]/Q
                         net (fo=1, routed)           0.731     0.275    hdmi_red_o_OBUF[0]
    A17                  OBUF (Prop_obuf_I_O)         1.209     1.484 r  hdmi_red_o_OBUF[0]_inst/O
                         net (fo=0)                   0.000     1.484    hdmi_red_o[0]
    A17                                                               r  hdmi_red_o[0] (OUT)
  -------------------------------------------------------------------    -------------------

Slack:                    inf
  Source:                 hdmi_blue_sync[0]/C
                            (rising edge-triggered cell FDRE clocked by clk_out1_clk_wiz_0  {rise@0.000ns fall@20.000ns period=40.000ns})
  Destination:            hdmi_blue_o[0]
                            (output port)
  Path Group:             (none)
  Path Type:              Min at Fast Process Corner
  Data Path Delay:        2.254ns  (logic 1.335ns (59.209%)  route 0.920ns (40.791%))
  Logic Levels:           1  (OBUF=1)
  Clock Uncertainty:      0.195ns  ((TSJ^2 + DJ^2)^1/2) / 2 + PE
    Total System Jitter     (TSJ):    0.050ns
    Discrete Jitter          (DJ):    0.175ns
    Phase Error              (PE):    0.104ns

    Location             Delay type                Incr(ns)  Path(ns)    Netlist Resource(s)
  -------------------------------------------------------------------    -------------------
                         (clock clk_out1_clk_wiz_0 rise edge)
                                                      0.000     0.000 r  
    W5                                                0.000     0.000 r  board_clk_i (IN)
                         net (fo=0)                   0.000     0.000    labVGA_clks/my_clk_inst/board_clk_i
    W5                   IBUF (Prop_ibuf_I_O)         0.226     0.226 r  labVGA_clks/my_clk_inst/clkin1_ibufg/O
                         net (fo=1, routed)           0.440     0.667    labVGA_clks/my_clk_inst/clk_in1_clk_wiz_0
    MMCME2_ADV_X1Y0      MMCME2_ADV (Prop_mmcme2_adv_CLKIN1_CLKOUT0)
                                                     -2.360    -1.693 r  labVGA_clks/my_clk_inst/mmcm_adv_inst/CLKOUT0
                         net (fo=1, routed)           0.486    -1.207    labVGA_clks/slowclk/clk_int
    BUFGCTRL_X0Y0        BUFG (Prop_bufg_I_O)         0.026    -1.181 r  labVGA_clks/slowclk/XLXI_401/O
                         net (fo=370, routed)         0.583    -0.598    hdmi_clk_o_OBUF
    SLICE_X0Y78          FDRE                                         r  hdmi_blue_sync[0]/C
  -------------------------------------------------------------------    -------------------
    SLICE_X0Y78          FDRE (Prop_fdre_C_Q)         0.141    -0.457 r  hdmi_blue_sync[0]/Q
                         net (fo=1, routed)           0.920     0.462    hdmi_blue_o_OBUF[0]
    N17                  OBUF (Prop_obuf_I_O)         1.194     1.656 r  hdmi_blue_o_OBUF[0]_inst/O
                         net (fo=0)                   0.000     1.656    hdmi_blue_o[0]
    N17                                                               r  hdmi_blue_o[0] (OUT)
  -------------------------------------------------------------------    -------------------

Slack:                    inf
  Source:                 hdmi_red_sync[2]/C
                            (rising edge-triggered cell FDRE clocked by clk_out1_clk_wiz_0  {rise@0.000ns fall@20.000ns period=40.000ns})
  Destination:            hdmi_red_o[2]
                            (output port)
  Path Group:             (none)
  Path Type:              Min at Fast Process Corner
  Data Path Delay:        2.269ns  (logic 1.368ns (60.300%)  route 0.901ns (39.700%))
  Logic Levels:           1  (OBUF=1)
  Clock Uncertainty:      0.195ns  ((TSJ^2 + DJ^2)^1/2) / 2 + PE
    Total System Jitter     (TSJ):    0.050ns
    Discrete Jitter          (DJ):    0.175ns
    Phase Error              (PE):    0.104ns

    Location             Delay type                Incr(ns)  Path(ns)    Netlist Resource(s)
  -------------------------------------------------------------------    -------------------
                         (clock clk_out1_clk_wiz_0 rise edge)
                                                      0.000     0.000 r  
    W5                                                0.000     0.000 r  board_clk_i (IN)
                         net (fo=0)                   0.000     0.000    labVGA_clks/my_clk_inst/board_clk_i
    W5                   IBUF (Prop_ibuf_I_O)         0.226     0.226 r  labVGA_clks/my_clk_inst/clkin1_ibufg/O
                         net (fo=1, routed)           0.440     0.667    labVGA_clks/my_clk_inst/clk_in1_clk_wiz_0
    MMCME2_ADV_X1Y0      MMCME2_ADV (Prop_mmcme2_adv_CLKIN1_CLKOUT0)
                                                     -2.360    -1.693 r  labVGA_clks/my_clk_inst/mmcm_adv_inst/CLKOUT0
                         net (fo=1, routed)           0.486    -1.207    labVGA_clks/slowclk/clk_int
    BUFGCTRL_X0Y0        BUFG (Prop_bufg_I_O)         0.026    -1.181 r  labVGA_clks/slowclk/XLXI_401/O
                         net (fo=370, routed)         0.594    -0.587    hdmi_clk_o_OBUF
    SLICE_X2Y98          FDRE                                         r  hdmi_red_sync[2]/C
  -------------------------------------------------------------------    -------------------
    SLICE_X2Y98          FDRE (Prop_fdre_C_Q)         0.164    -0.423 r  hdmi_red_sync[2]/Q
                         net (fo=1, routed)           0.901     0.477    hdmi_red_o_OBUF[2]
    A15                  OBUF (Prop_obuf_I_O)         1.204     1.682 r  hdmi_red_o_OBUF[2]_inst/O
                         net (fo=0)                   0.000     1.682    hdmi_red_o[2]
    A15                                                               r  hdmi_red_o[2] (OUT)
  -------------------------------------------------------------------    -------------------

Slack:                    inf
  Source:                 hdmi_red_sync[3]/C
                            (rising edge-triggered cell FDRE clocked by clk_out1_clk_wiz_0  {rise@0.000ns fall@20.000ns period=40.000ns})
  Destination:            hdmi_red_o[3]
                            (output port)
  Path Group:             (none)
  Path Type:              Min at Fast Process Corner
  Data Path Delay:        2.273ns  (logic 1.385ns (60.940%)  route 0.888ns (39.060%))
  Logic Levels:           1  (OBUF=1)
  Clock Uncertainty:      0.195ns  ((TSJ^2 + DJ^2)^1/2) / 2 + PE
    Total System Jitter     (TSJ):    0.050ns
    Discrete Jitter          (DJ):    0.175ns
    Phase Error              (PE):    0.104ns

    Location             Delay type                Incr(ns)  Path(ns)    Netlist Resource(s)
  -------------------------------------------------------------------    -------------------
                         (clock clk_out1_clk_wiz_0 rise edge)
                                                      0.000     0.000 r  
    W5                                                0.000     0.000 r  board_clk_i (IN)
                         net (fo=0)                   0.000     0.000    labVGA_clks/my_clk_inst/board_clk_i
    W5                   IBUF (Prop_ibuf_I_O)         0.226     0.226 r  labVGA_clks/my_clk_inst/clkin1_ibufg/O
                         net (fo=1, routed)           0.440     0.667    labVGA_clks/my_clk_inst/clk_in1_clk_wiz_0
    MMCME2_ADV_X1Y0      MMCME2_ADV (Prop_mmcme2_adv_CLKIN1_CLKOUT0)
                                                     -2.360    -1.693 r  labVGA_clks/my_clk_inst/mmcm_adv_inst/CLKOUT0
                         net (fo=1, routed)           0.486    -1.207    labVGA_clks/slowclk/clk_int
    BUFGCTRL_X0Y0        BUFG (Prop_bufg_I_O)         0.026    -1.181 r  labVGA_clks/slowclk/XLXI_401/O
                         net (fo=370, routed)         0.594    -0.587    hdmi_clk_o_OBUF
    SLICE_X2Y98          FDRE                                         r  hdmi_red_sync[3]/C
  -------------------------------------------------------------------    -------------------
    SLICE_X2Y98          FDRE (Prop_fdre_C_Q)         0.164    -0.423 r  hdmi_red_sync[3]/Q
                         net (fo=1, routed)           0.888     0.464    hdmi_red_o_OBUF[3]
    A14                  OBUF (Prop_obuf_I_O)         1.221     1.685 r  hdmi_red_o_OBUF[3]_inst/O
                         net (fo=0)                   0.000     1.685    hdmi_red_o[3]
    A14                                                               r  hdmi_red_o[3] (OUT)
  -------------------------------------------------------------------    -------------------

Slack:                    inf
  Source:                 hdmi_red_sync[1]/C
                            (rising edge-triggered cell FDRE clocked by clk_out1_clk_wiz_0  {rise@0.000ns fall@20.000ns period=40.000ns})
  Destination:            hdmi_red_o[1]
                            (output port)
  Path Group:             (none)
  Path Type:              Min at Fast Process Corner
  Data Path Delay:        2.302ns  (logic 1.354ns (58.813%)  route 0.948ns (41.187%))
  Logic Levels:           1  (OBUF=1)
  Clock Uncertainty:      0.195ns  ((TSJ^2 + DJ^2)^1/2) / 2 + PE
    Total System Jitter     (TSJ):    0.050ns
    Discrete Jitter          (DJ):    0.175ns
    Phase Error              (PE):    0.104ns

    Location             Delay type                Incr(ns)  Path(ns)    Netlist Resource(s)
  -------------------------------------------------------------------    -------------------
                         (clock clk_out1_clk_wiz_0 rise edge)
                                                      0.000     0.000 r  
    W5                                                0.000     0.000 r  board_clk_i (IN)
                         net (fo=0)                   0.000     0.000    labVGA_clks/my_clk_inst/board_clk_i
    W5                   IBUF (Prop_ibuf_I_O)         0.226     0.226 r  labVGA_clks/my_clk_inst/clkin1_ibufg/O
                         net (fo=1, routed)           0.440     0.667    labVGA_clks/my_clk_inst/clk_in1_clk_wiz_0
    MMCME2_ADV_X1Y0      MMCME2_ADV (Prop_mmcme2_adv_CLKIN1_CLKOUT0)
                                                     -2.360    -1.693 r  labVGA_clks/my_clk_inst/mmcm_adv_inst/CLKOUT0
                         net (fo=1, routed)           0.486    -1.207    labVGA_clks/slowclk/clk_int
    BUFGCTRL_X0Y0        BUFG (Prop_bufg_I_O)         0.026    -1.181 r  labVGA_clks/slowclk/XLXI_401/O
                         net (fo=370, routed)         0.587    -0.594    hdmi_clk_o_OBUF
    SLICE_X5Y85          FDRE                                         r  hdmi_red_sync[1]/C
  -------------------------------------------------------------------    -------------------
    SLICE_X5Y85          FDRE (Prop_fdre_C_Q)         0.141    -0.453 r  hdmi_red_sync[1]/Q
                         net (fo=1, routed)           0.948     0.495    hdmi_red_o_OBUF[1]
    A16                  OBUF (Prop_obuf_I_O)         1.213     1.708 r  hdmi_red_o_OBUF[1]_inst/O
                         net (fo=0)                   0.000     1.708    hdmi_red_o[1]
    A16                                                               r  hdmi_red_o[1] (OUT)
  -------------------------------------------------------------------    -------------------

Slack:                    inf
  Source:                 hdmi_green_sync[2]/C
                            (rising edge-triggered cell FDRE clocked by clk_out1_clk_wiz_0  {rise@0.000ns fall@20.000ns period=40.000ns})
  Destination:            hdmi_green_o[2]
                            (output port)
  Path Group:             (none)
  Path Type:              Min at Fast Process Corner
  Data Path Delay:        2.368ns  (logic 1.347ns (56.884%)  route 1.021ns (43.116%))
  Logic Levels:           1  (OBUF=1)
  Clock Uncertainty:      0.195ns  ((TSJ^2 + DJ^2)^1/2) / 2 + PE
    Total System Jitter     (TSJ):    0.050ns
    Discrete Jitter          (DJ):    0.175ns
    Phase Error              (PE):    0.104ns

    Location             Delay type                Incr(ns)  Path(ns)    Netlist Resource(s)
  -------------------------------------------------------------------    -------------------
                         (clock clk_out1_clk_wiz_0 rise edge)
                                                      0.000     0.000 r  
    W5                                                0.000     0.000 r  board_clk_i (IN)
                         net (fo=0)                   0.000     0.000    labVGA_clks/my_clk_inst/board_clk_i
    W5                   IBUF (Prop_ibuf_I_O)         0.226     0.226 r  labVGA_clks/my_clk_inst/clkin1_ibufg/O
                         net (fo=1, routed)           0.440     0.667    labVGA_clks/my_clk_inst/clk_in1_clk_wiz_0
    MMCME2_ADV_X1Y0      MMCME2_ADV (Prop_mmcme2_adv_CLKIN1_CLKOUT0)
                                                     -2.360    -1.693 r  labVGA_clks/my_clk_inst/mmcm_adv_inst/CLKOUT0
                         net (fo=1, routed)           0.486    -1.207    labVGA_clks/slowclk/clk_int
    BUFGCTRL_X0Y0        BUFG (Prop_bufg_I_O)         0.026    -1.181 r  labVGA_clks/slowclk/XLXI_401/O
                         net (fo=370, routed)         0.587    -0.594    hdmi_clk_o_OBUF
    SLICE_X5Y84          FDRE                                         r  hdmi_green_sync[2]/C
  -------------------------------------------------------------------    -------------------
    SLICE_X5Y84          FDRE (Prop_fdre_C_Q)         0.141    -0.453 r  hdmi_green_sync[2]/Q
                         net (fo=1, routed)           1.021     0.568    hdmi_green_o_OBUF[2]
    C15                  OBUF (Prop_obuf_I_O)         1.206     1.774 r  hdmi_green_o_OBUF[2]_inst/O
                         net (fo=0)                   0.000     1.774    hdmi_green_o[2]
    C15                                                               r  hdmi_green_o[2] (OUT)
  -------------------------------------------------------------------    -------------------





--------------------------------------------------------------------------------------
Path Group:  (none)
From Clock:  clkfbout_clk_wiz_0
  To Clock:  

Max Delay             1 Endpoint
Min Delay             1 Endpoint
--------------------------------------------------------------------------------------


Max Delay Paths
--------------------------------------------------------------------------------------
Slack:                    inf
  Source:                 labVGA_clks/my_clk_inst/mmcm_adv_inst/CLKFBOUT
                            (clock source 'clkfbout_clk_wiz_0'  {rise@0.000ns fall@5.000ns period=10.000ns})
  Destination:            labVGA_clks/my_clk_inst/mmcm_adv_inst/CLKFBIN
  Path Group:             (none)
  Path Type:              Max at Fast Process Corner
  Data Path Delay:        1.375ns  (logic 0.029ns (2.109%)  route 1.346ns (97.891%))
  Logic Levels:           1  (BUFG=1)
  Clock Uncertainty:      0.155ns  ((TSJ^2 + DJ^2)^1/2) / 2 + PE
    Total System Jitter     (TSJ):    0.050ns
    Discrete Jitter          (DJ):    0.088ns
    Phase Error              (PE):    0.104ns

    Location             Delay type                Incr(ns)  Path(ns)    Netlist Resource(s)
  -------------------------------------------------------------------    -------------------
                         (clock clkfbout_clk_wiz_0 fall edge)
                                                      5.000     5.000 f  
    W5                                                0.000     5.000 f  board_clk_i (IN)
                         net (fo=0)                   0.000     5.000    labVGA_clks/my_clk_inst/board_clk_i
    W5                   IBUF (Prop_ibuf_I_O)         0.414     5.414 f  labVGA_clks/my_clk_inst/clkin1_ibufg/O
                         net (fo=1, routed)           0.480     5.894    labVGA_clks/my_clk_inst/clk_in1_clk_wiz_0
  -------------------------------------------------------------------    -------------------
    MMCME2_ADV_X1Y0      MMCME2_ADV (Prop_mmcme2_adv_CLKIN1_CLKFBOUT)
                                                     -3.142     2.752 f  labVGA_clks/my_clk_inst/mmcm_adv_inst/CLKFBOUT
                         net (fo=1, routed)           0.530     3.282    labVGA_clks/my_clk_inst/clkfbout_clk_wiz_0
    BUFGCTRL_X0Y1        BUFG (Prop_bufg_I_O)         0.029     3.311 f  labVGA_clks/my_clk_inst/clkf_buf/O
                         net (fo=1, routed)           0.817     4.127    labVGA_clks/my_clk_inst/clkfbout_buf_clk_wiz_0
    MMCME2_ADV_X1Y0      MMCME2_ADV                                   f  labVGA_clks/my_clk_inst/mmcm_adv_inst/CLKFBIN
  -------------------------------------------------------------------    -------------------





Min Delay Paths
--------------------------------------------------------------------------------------
Slack:                    inf
  Source:                 labVGA_clks/my_clk_inst/mmcm_adv_inst/CLKFBOUT
                            (clock source 'clkfbout_clk_wiz_0'  {rise@0.000ns fall@5.000ns period=10.000ns})
  Destination:            labVGA_clks/my_clk_inst/mmcm_adv_inst/CLKFBIN
  Path Group:             (none)
  Path Type:              Min at Slow Process Corner
  Data Path Delay:        3.129ns  (logic 0.091ns (2.908%)  route 3.038ns (97.092%))
  Logic Levels:           1  (BUFG=1)
  Clock Uncertainty:      0.155ns  ((TSJ^2 + DJ^2)^1/2) / 2 + PE
    Total System Jitter     (TSJ):    0.050ns
    Discrete Jitter          (DJ):    0.088ns
    Phase Error              (PE):    0.104ns

    Location             Delay type                Incr(ns)  Path(ns)    Netlist Resource(s)
  -------------------------------------------------------------------    -------------------
                         (clock clkfbout_clk_wiz_0 rise edge)
                                                      0.000     0.000 r  
    W5                                                0.000     0.000 r  board_clk_i (IN)
                         net (fo=0)                   0.000     0.000    labVGA_clks/my_clk_inst/board_clk_i
    W5                   IBUF (Prop_ibuf_I_O)         1.388     1.388 r  labVGA_clks/my_clk_inst/clkin1_ibufg/O
                         net (fo=1, routed)           1.162     2.550    labVGA_clks/my_clk_inst/clk_in1_clk_wiz_0
  -------------------------------------------------------------------    -------------------
    MMCME2_ADV_X1Y0      MMCME2_ADV (Prop_mmcme2_adv_CLKIN1_CLKFBOUT)
                                                     -7.217    -4.668 r  labVGA_clks/my_clk_inst/mmcm_adv_inst/CLKFBOUT
                         net (fo=1, routed)           1.581    -3.086    labVGA_clks/my_clk_inst/clkfbout_clk_wiz_0
    BUFGCTRL_X0Y1        BUFG (Prop_bufg_I_O)         0.091    -2.995 r  labVGA_clks/my_clk_inst/clkf_buf/O
                         net (fo=1, routed)           1.457    -1.538    labVGA_clks/my_clk_inst/clkfbout_buf_clk_wiz_0
    MMCME2_ADV_X1Y0      MMCME2_ADV                                   r  labVGA_clks/my_clk_inst/mmcm_adv_inst/CLKFBIN
  -------------------------------------------------------------------    -------------------





--------------------------------------------------------------------------------------
Path Group:  (none)
From Clock:  
  To Clock:  clk_out1_clk_wiz_0

Max Delay            12 Endpoints
Min Delay            12 Endpoints
--------------------------------------------------------------------------------------


Max Delay Paths
--------------------------------------------------------------------------------------
Slack:                    inf
  Source:                 sw_i[3]
                            (input port)
  Destination:            game_fsm/genblk2[2].FF_77/D
                            (rising edge-triggered cell FDRE clocked by clk_out1_clk_wiz_0  {rise@0.000ns fall@20.000ns period=40.000ns})
  Path Group:             (none)
  Path Type:              Setup (Max at Slow Process Corner)
  Data Path Delay:        6.678ns  (logic 1.696ns (25.403%)  route 4.982ns (74.597%))
  Logic Levels:           3  (IBUF=1 LUT6=2)
  Clock Path Skew:        -1.557ns (DCD - SCD + CPR)
    Destination Clock Delay (DCD):    -1.557ns
    Source Clock Delay      (SCD):    0.000ns
    Clock Pessimism Removal (CPR):    0.000ns
  Clock Uncertainty:      0.195ns  ((TSJ^2 + DJ^2)^1/2) / 2 + PE
    Total System Jitter     (TSJ):    0.050ns
    Discrete Jitter          (DJ):    0.175ns
    Phase Error              (PE):    0.104ns

    Location             Delay type                Incr(ns)  Path(ns)    Netlist Resource(s)
  -------------------------------------------------------------------    -------------------
    W17                                               0.000     0.000 f  sw_i[3] (IN)
                         net (fo=0)                   0.000     0.000    sw_i[3]
    W17                  IBUF (Prop_ibuf_I_O)         1.448     1.448 f  sw_i_IBUF[3]_inst/O
                         net (fo=3, routed)           3.831     5.280    game_fsm/sw_i_IBUF[0]
    SLICE_X8Y83          LUT6 (Prop_lut6_I2_O)        0.124     5.404 r  game_fsm/genblk1[4].FF_41_i_2/O
                         net (fo=4, routed)           1.151     6.554    game_fsm/genblk2[2].FF_77_0
    SLICE_X11Y89         LUT6 (Prop_lut6_I5_O)        0.124     6.678 r  game_fsm/genblk2[2].FF_77_i_1/O
                         net (fo=1, routed)           0.000     6.678    game_fsm/lives_d[2]
    SLICE_X11Y89         FDRE                                         r  game_fsm/genblk2[2].FF_77/D
  -------------------------------------------------------------------    -------------------

                         (clock clk_out1_clk_wiz_0 rise edge)
                                                      0.000     0.000 r  
    W5                                                0.000     0.000 r  board_clk_i (IN)
                         net (fo=0)                   0.000     0.000    labVGA_clks/my_clk_inst/board_clk_i
    W5                   IBUF (Prop_ibuf_I_O)         1.388     1.388 r  labVGA_clks/my_clk_inst/clkin1_ibufg/O
                         net (fo=1, routed)           1.162     2.550    labVGA_clks/my_clk_inst/clk_in1_clk_wiz_0
    MMCME2_ADV_X1Y0      MMCME2_ADV (Prop_mmcme2_adv_CLKIN1_CLKOUT0)
                                                     -7.217    -4.668 r  labVGA_clks/my_clk_inst/mmcm_adv_inst/CLKOUT0
                         net (fo=1, routed)           1.581    -3.086    labVGA_clks/slowclk/clk_int
    BUFGCTRL_X0Y0        BUFG (Prop_bufg_I_O)         0.091    -2.995 r  labVGA_clks/slowclk/XLXI_401/O
                         net (fo=370, routed)         1.439    -1.557    game_fsm/clk_out
    SLICE_X11Y89         FDRE                                         r  game_fsm/genblk2[2].FF_77/C

Slack:                    inf
  Source:                 sw_i[3]
                            (input port)
  Destination:            game_fsm/genblk2[1].FF_77/D
                            (rising edge-triggered cell FDRE clocked by clk_out1_clk_wiz_0  {rise@0.000ns fall@20.000ns period=40.000ns})
  Path Group:             (none)
  Path Type:              Setup (Max at Slow Process Corner)
  Data Path Delay:        6.676ns  (logic 1.696ns (25.411%)  route 4.980ns (74.589%))
  Logic Levels:           3  (IBUF=1 LUT6=2)
  Clock Path Skew:        -1.557ns (DCD - SCD + CPR)
    Destination Clock Delay (DCD):    -1.557ns
    Source Clock Delay      (SCD):    0.000ns
    Clock Pessimism Removal (CPR):    0.000ns
  Clock Uncertainty:      0.195ns  ((TSJ^2 + DJ^2)^1/2) / 2 + PE
    Total System Jitter     (TSJ):    0.050ns
    Discrete Jitter          (DJ):    0.175ns
    Phase Error              (PE):    0.104ns

    Location             Delay type                Incr(ns)  Path(ns)    Netlist Resource(s)
  -------------------------------------------------------------------    -------------------
    W17                                               0.000     0.000 f  sw_i[3] (IN)
                         net (fo=0)                   0.000     0.000    sw_i[3]
    W17                  IBUF (Prop_ibuf_I_O)         1.448     1.448 f  sw_i_IBUF[3]_inst/O
                         net (fo=3, routed)           3.831     5.280    game_fsm/sw_i_IBUF[0]
    SLICE_X8Y83          LUT6 (Prop_lut6_I2_O)        0.124     5.404 r  game_fsm/genblk1[4].FF_41_i_2/O
                         net (fo=4, routed)           1.149     6.552    game_fsm/genblk2[2].FF_77_0
    SLICE_X10Y89         LUT6 (Prop_lut6_I5_O)        0.124     6.676 r  game_fsm/genblk2[1].FF_77_i_1/O
                         net (fo=1, routed)           0.000     6.676    game_fsm/lives_d[1]
    SLICE_X10Y89         FDRE                                         r  game_fsm/genblk2[1].FF_77/D
  -------------------------------------------------------------------    -------------------

                         (clock clk_out1_clk_wiz_0 rise edge)
                                                      0.000     0.000 r  
    W5                                                0.000     0.000 r  board_clk_i (IN)
                         net (fo=0)                   0.000     0.000    labVGA_clks/my_clk_inst/board_clk_i
    W5                   IBUF (Prop_ibuf_I_O)         1.388     1.388 r  labVGA_clks/my_clk_inst/clkin1_ibufg/O
                         net (fo=1, routed)           1.162     2.550    labVGA_clks/my_clk_inst/clk_in1_clk_wiz_0
    MMCME2_ADV_X1Y0      MMCME2_ADV (Prop_mmcme2_adv_CLKIN1_CLKOUT0)
                                                     -7.217    -4.668 r  labVGA_clks/my_clk_inst/mmcm_adv_inst/CLKOUT0
                         net (fo=1, routed)           1.581    -3.086    labVGA_clks/slowclk/clk_int
    BUFGCTRL_X0Y0        BUFG (Prop_bufg_I_O)         0.091    -2.995 r  labVGA_clks/slowclk/XLXI_401/O
                         net (fo=370, routed)         1.439    -1.557    game_fsm/clk_out
    SLICE_X10Y89         FDRE                                         r  game_fsm/genblk2[1].FF_77/C

Slack:                    inf
  Source:                 sw_i[3]
                            (input port)
  Destination:            game_fsm/genblk2[0].FF_77/D
                            (rising edge-triggered cell FDRE clocked by clk_out1_clk_wiz_0  {rise@0.000ns fall@20.000ns period=40.000ns})
  Path Group:             (none)
  Path Type:              Setup (Max at Slow Process Corner)
  Data Path Delay:        6.475ns  (logic 1.696ns (26.200%)  route 4.779ns (73.800%))
  Logic Levels:           3  (IBUF=1 LUT5=1 LUT6=1)
  Clock Path Skew:        -1.557ns (DCD - SCD + CPR)
    Destination Clock Delay (DCD):    -1.557ns
    Source Clock Delay      (SCD):    0.000ns
    Clock Pessimism Removal (CPR):    0.000ns
  Clock Uncertainty:      0.195ns  ((TSJ^2 + DJ^2)^1/2) / 2 + PE
    Total System Jitter     (TSJ):    0.050ns
    Discrete Jitter          (DJ):    0.175ns
    Phase Error              (PE):    0.104ns

    Location             Delay type                Incr(ns)  Path(ns)    Netlist Resource(s)
  -------------------------------------------------------------------    -------------------
    W17                                               0.000     0.000 f  sw_i[3] (IN)
                         net (fo=0)                   0.000     0.000    sw_i[3]
    W17                  IBUF (Prop_ibuf_I_O)         1.448     1.448 f  sw_i_IBUF[3]_inst/O
                         net (fo=3, routed)           3.831     5.280    game_fsm/sw_i_IBUF[0]
    SLICE_X8Y83          LUT6 (Prop_lut6_I2_O)        0.124     5.404 r  game_fsm/genblk1[4].FF_41_i_2/O
                         net (fo=4, routed)           0.948     6.351    game_fsm/genblk2[2].FF_77_0
    SLICE_X10Y89         LUT5 (Prop_lut5_I0_O)        0.124     6.475 r  game_fsm/genblk2[0].FF_77_i_1/O
                         net (fo=1, routed)           0.000     6.475    game_fsm/lives_d[0]
    SLICE_X10Y89         FDRE                                         r  game_fsm/genblk2[0].FF_77/D
  -------------------------------------------------------------------    -------------------

                         (clock clk_out1_clk_wiz_0 rise edge)
                                                      0.000     0.000 r  
    W5                                                0.000     0.000 r  board_clk_i (IN)
                         net (fo=0)                   0.000     0.000    labVGA_clks/my_clk_inst/board_clk_i
    W5                   IBUF (Prop_ibuf_I_O)         1.388     1.388 r  labVGA_clks/my_clk_inst/clkin1_ibufg/O
                         net (fo=1, routed)           1.162     2.550    labVGA_clks/my_clk_inst/clk_in1_clk_wiz_0
    MMCME2_ADV_X1Y0      MMCME2_ADV (Prop_mmcme2_adv_CLKIN1_CLKOUT0)
                                                     -7.217    -4.668 r  labVGA_clks/my_clk_inst/mmcm_adv_inst/CLKOUT0
                         net (fo=1, routed)           1.581    -3.086    labVGA_clks/slowclk/clk_int
    BUFGCTRL_X0Y0        BUFG (Prop_bufg_I_O)         0.091    -2.995 r  labVGA_clks/slowclk/XLXI_401/O
                         net (fo=370, routed)         1.439    -1.557    game_fsm/clk_out
    SLICE_X10Y89         FDRE                                         r  game_fsm/genblk2[0].FF_77/C

Slack:                    inf
  Source:                 sw_i[3]
                            (input port)
  Destination:            game_fsm/genblk1[4].FF_41/D
                            (rising edge-triggered cell FDRE clocked by clk_out1_clk_wiz_0  {rise@0.000ns fall@20.000ns period=40.000ns})
  Path Group:             (none)
  Path Type:              Setup (Max at Slow Process Corner)
  Data Path Delay:        6.314ns  (logic 1.696ns (26.868%)  route 4.618ns (73.132%))
  Logic Levels:           3  (IBUF=1 LUT4=1 LUT6=1)
  Clock Path Skew:        -1.559ns (DCD - SCD + CPR)
    Destination Clock Delay (DCD):    -1.559ns
    Source Clock Delay      (SCD):    0.000ns
    Clock Pessimism Removal (CPR):    0.000ns
  Clock Uncertainty:      0.195ns  ((TSJ^2 + DJ^2)^1/2) / 2 + PE
    Total System Jitter     (TSJ):    0.050ns
    Discrete Jitter          (DJ):    0.175ns
    Phase Error              (PE):    0.104ns

    Location             Delay type                Incr(ns)  Path(ns)    Netlist Resource(s)
  -------------------------------------------------------------------    -------------------
    W17                                               0.000     0.000 f  sw_i[3] (IN)
                         net (fo=0)                   0.000     0.000    sw_i[3]
    W17                  IBUF (Prop_ibuf_I_O)         1.448     1.448 f  sw_i_IBUF[3]_inst/O
                         net (fo=3, routed)           3.831     5.280    game_fsm/sw_i_IBUF[0]
    SLICE_X8Y83          LUT6 (Prop_lut6_I2_O)        0.124     5.404 r  game_fsm/genblk1[4].FF_41_i_2/O
                         net (fo=4, routed)           0.786     6.190    btnC_sync/genblk1[4].FF_41
    SLICE_X11Y87         LUT4 (Prop_lut4_I3_O)        0.124     6.314 r  btnC_sync/genblk1[4].FF_41_i_1/O
                         net (fo=1, routed)           0.000     6.314    game_fsm/state_d_4
    SLICE_X11Y87         FDRE                                         r  game_fsm/genblk1[4].FF_41/D
  -------------------------------------------------------------------    -------------------

                         (clock clk_out1_clk_wiz_0 rise edge)
                                                      0.000     0.000 r  
    W5                                                0.000     0.000 r  board_clk_i (IN)
                         net (fo=0)                   0.000     0.000    labVGA_clks/my_clk_inst/board_clk_i
    W5                   IBUF (Prop_ibuf_I_O)         1.388     1.388 r  labVGA_clks/my_clk_inst/clkin1_ibufg/O
                         net (fo=1, routed)           1.162     2.550    labVGA_clks/my_clk_inst/clk_in1_clk_wiz_0
    MMCME2_ADV_X1Y0      MMCME2_ADV (Prop_mmcme2_adv_CLKIN1_CLKOUT0)
                                                     -7.217    -4.668 r  labVGA_clks/my_clk_inst/mmcm_adv_inst/CLKOUT0
                         net (fo=1, routed)           1.581    -3.086    labVGA_clks/slowclk/clk_int
    BUFGCTRL_X0Y0        BUFG (Prop_bufg_I_O)         0.091    -2.995 r  labVGA_clks/slowclk/XLXI_401/O
                         net (fo=370, routed)         1.437    -1.559    game_fsm/clk_out
    SLICE_X11Y87         FDRE                                         r  game_fsm/genblk1[4].FF_41/C

Slack:                    inf
  Source:                 sw_i[3]
                            (input port)
  Destination:            game_fsm/genblk1[2].FF_41/D
                            (rising edge-triggered cell FDRE clocked by clk_out1_clk_wiz_0  {rise@0.000ns fall@20.000ns period=40.000ns})
  Path Group:             (none)
  Path Type:              Setup (Max at Slow Process Corner)
  Data Path Delay:        6.109ns  (logic 1.720ns (28.164%)  route 4.388ns (71.836%))
  Logic Levels:           3  (IBUF=1 LUT5=1 LUT6=1)
  Clock Path Skew:        -1.564ns (DCD - SCD + CPR)
    Destination Clock Delay (DCD):    -1.564ns
    Source Clock Delay      (SCD):    0.000ns
    Clock Pessimism Removal (CPR):    0.000ns
  Clock Uncertainty:      0.195ns  ((TSJ^2 + DJ^2)^1/2) / 2 + PE
    Total System Jitter     (TSJ):    0.050ns
    Discrete Jitter          (DJ):    0.175ns
    Phase Error              (PE):    0.104ns

    Location             Delay type                Incr(ns)  Path(ns)    Netlist Resource(s)
  -------------------------------------------------------------------    -------------------
    W17                                               0.000     0.000 r  sw_i[3] (IN)
                         net (fo=0)                   0.000     0.000    sw_i[3]
    W17                  IBUF (Prop_ibuf_I_O)         1.448     1.448 r  sw_i_IBUF[3]_inst/O
                         net (fo=3, routed)           3.484     4.933    train_R/sw_i_IBUF[0]
    SLICE_X7Y81          LUT6 (Prop_lut6_I0_O)        0.124     5.057 r  train_R/genblk1[2].FF_41_i_2/O
                         net (fo=2, routed)           0.904     5.961    game_fsm/genblk1[2].FF_41_1
    SLICE_X8Y82          LUT5 (Prop_lut5_I4_O)        0.148     6.109 r  game_fsm/genblk1[2].FF_41_i_1/O
                         net (fo=1, routed)           0.000     6.109    game_fsm/state_d_2
    SLICE_X8Y82          FDRE                                         r  game_fsm/genblk1[2].FF_41/D
  -------------------------------------------------------------------    -------------------

                         (clock clk_out1_clk_wiz_0 rise edge)
                                                      0.000     0.000 r  
    W5                                                0.000     0.000 r  board_clk_i (IN)
                         net (fo=0)                   0.000     0.000    labVGA_clks/my_clk_inst/board_clk_i
    W5                   IBUF (Prop_ibuf_I_O)         1.388     1.388 r  labVGA_clks/my_clk_inst/clkin1_ibufg/O
                         net (fo=1, routed)           1.162     2.550    labVGA_clks/my_clk_inst/clk_in1_clk_wiz_0
    MMCME2_ADV_X1Y0      MMCME2_ADV (Prop_mmcme2_adv_CLKIN1_CLKOUT0)
                                                     -7.217    -4.668 r  labVGA_clks/my_clk_inst/mmcm_adv_inst/CLKOUT0
                         net (fo=1, routed)           1.581    -3.086    labVGA_clks/slowclk/clk_int
    BUFGCTRL_X0Y0        BUFG (Prop_bufg_I_O)         0.091    -2.995 r  labVGA_clks/slowclk/XLXI_401/O
                         net (fo=370, routed)         1.432    -1.564    game_fsm/clk_out
    SLICE_X8Y82          FDRE                                         r  game_fsm/genblk1[2].FF_41/C

Slack:                    inf
  Source:                 sw_i[3]
                            (input port)
  Destination:            game_fsm/genblk2[3].FF_77/D
                            (rising edge-triggered cell FDRE clocked by clk_out1_clk_wiz_0  {rise@0.000ns fall@20.000ns period=40.000ns})
  Path Group:             (none)
  Path Type:              Setup (Max at Slow Process Corner)
  Data Path Delay:        6.036ns  (logic 1.696ns (28.108%)  route 4.339ns (71.892%))
  Logic Levels:           3  (IBUF=1 LUT6=2)
  Clock Path Skew:        -1.557ns (DCD - SCD + CPR)
    Destination Clock Delay (DCD):    -1.557ns
    Source Clock Delay      (SCD):    0.000ns
    Clock Pessimism Removal (CPR):    0.000ns
  Clock Uncertainty:      0.195ns  ((TSJ^2 + DJ^2)^1/2) / 2 + PE
    Total System Jitter     (TSJ):    0.050ns
    Discrete Jitter          (DJ):    0.175ns
    Phase Error              (PE):    0.104ns

    Location             Delay type                Incr(ns)  Path(ns)    Netlist Resource(s)
  -------------------------------------------------------------------    -------------------
    W17                                               0.000     0.000 r  sw_i[3] (IN)
                         net (fo=0)                   0.000     0.000    sw_i[3]
    W17                  IBUF (Prop_ibuf_I_O)         1.448     1.448 r  sw_i_IBUF[3]_inst/O
                         net (fo=3, routed)           3.143     4.591    game_fsm/sw_i_IBUF[0]
    SLICE_X8Y83          LUT6 (Prop_lut6_I3_O)        0.124     4.715 r  game_fsm/genblk1[5].FF_41_i_2/O
                         net (fo=2, routed)           1.197     5.912    game_fsm/genblk1[5].FF_41_i_2_n_0
    SLICE_X11Y89         LUT6 (Prop_lut6_I5_O)        0.124     6.036 r  game_fsm/genblk2[3].FF_77_i_1/O
                         net (fo=1, routed)           0.000     6.036    game_fsm/lives_d[3]
    SLICE_X11Y89         FDRE                                         r  game_fsm/genblk2[3].FF_77/D
  -------------------------------------------------------------------    -------------------

                         (clock clk_out1_clk_wiz_0 rise edge)
                                                      0.000     0.000 r  
    W5                                                0.000     0.000 r  board_clk_i (IN)
                         net (fo=0)                   0.000     0.000    labVGA_clks/my_clk_inst/board_clk_i
    W5                   IBUF (Prop_ibuf_I_O)         1.388     1.388 r  labVGA_clks/my_clk_inst/clkin1_ibufg/O
                         net (fo=1, routed)           1.162     2.550    labVGA_clks/my_clk_inst/clk_in1_clk_wiz_0
    MMCME2_ADV_X1Y0      MMCME2_ADV (Prop_mmcme2_adv_CLKIN1_CLKOUT0)
                                                     -7.217    -4.668 r  labVGA_clks/my_clk_inst/mmcm_adv_inst/CLKOUT0
                         net (fo=1, routed)           1.581    -3.086    labVGA_clks/slowclk/clk_int
    BUFGCTRL_X0Y0        BUFG (Prop_bufg_I_O)         0.091    -2.995 r  labVGA_clks/slowclk/XLXI_401/O
                         net (fo=370, routed)         1.439    -1.557    game_fsm/clk_out
    SLICE_X11Y89         FDRE                                         r  game_fsm/genblk2[3].FF_77/C

Slack:                    inf
  Source:                 sw_i[3]
                            (input port)
  Destination:            game_fsm/genblk1[3].FF_41/D
                            (rising edge-triggered cell FDRE clocked by clk_out1_clk_wiz_0  {rise@0.000ns fall@20.000ns period=40.000ns})
  Path Group:             (none)
  Path Type:              Setup (Max at Slow Process Corner)
  Data Path Delay:        6.034ns  (logic 1.722ns (28.546%)  route 4.312ns (71.454%))
  Logic Levels:           3  (IBUF=1 LUT4=1 LUT6=1)
  Clock Path Skew:        -1.499ns (DCD - SCD + CPR)
    Destination Clock Delay (DCD):    -1.499ns
    Source Clock Delay      (SCD):    0.000ns
    Clock Pessimism Removal (CPR):    0.000ns
  Clock Uncertainty:      0.195ns  ((TSJ^2 + DJ^2)^1/2) / 2 + PE
    Total System Jitter     (TSJ):    0.050ns
    Discrete Jitter          (DJ):    0.175ns
    Phase Error              (PE):    0.104ns

    Location             Delay type                Incr(ns)  Path(ns)    Netlist Resource(s)
  -------------------------------------------------------------------    -------------------
    W17                                               0.000     0.000 r  sw_i[3] (IN)
                         net (fo=0)                   0.000     0.000    sw_i[3]
    W17                  IBUF (Prop_ibuf_I_O)         1.448     1.448 r  sw_i_IBUF[3]_inst/O
                         net (fo=3, routed)           3.484     4.933    train_R/sw_i_IBUF[0]
    SLICE_X7Y81          LUT6 (Prop_lut6_I0_O)        0.124     5.057 r  train_R/genblk1[2].FF_41_i_2/O
                         net (fo=2, routed)           0.445     5.502    game_fsm/genblk1[2].FF_41_1
    SLICE_X7Y81          LUT4 (Prop_lut4_I2_O)        0.150     5.652 r  game_fsm/genblk1[3].FF_41_i_1/O
                         net (fo=1, routed)           0.382     6.034    game_fsm/state_d_3
    SLICE_X6Y81          FDRE                                         r  game_fsm/genblk1[3].FF_41/D
  -------------------------------------------------------------------    -------------------

                         (clock clk_out1_clk_wiz_0 rise edge)
                                                      0.000     0.000 r  
    W5                                                0.000     0.000 r  board_clk_i (IN)
                         net (fo=0)                   0.000     0.000    labVGA_clks/my_clk_inst/board_clk_i
    W5                   IBUF (Prop_ibuf_I_O)         1.388     1.388 r  labVGA_clks/my_clk_inst/clkin1_ibufg/O
                         net (fo=1, routed)           1.162     2.550    labVGA_clks/my_clk_inst/clk_in1_clk_wiz_0
    MMCME2_ADV_X1Y0      MMCME2_ADV (Prop_mmcme2_adv_CLKIN1_CLKOUT0)
                                                     -7.217    -4.668 r  labVGA_clks/my_clk_inst/mmcm_adv_inst/CLKOUT0
                         net (fo=1, routed)           1.581    -3.086    labVGA_clks/slowclk/clk_int
    BUFGCTRL_X0Y0        BUFG (Prop_bufg_I_O)         0.091    -2.995 r  labVGA_clks/slowclk/XLXI_401/O
                         net (fo=370, routed)         1.497    -1.499    game_fsm/clk_out
    SLICE_X6Y81          FDRE                                         r  game_fsm/genblk1[3].FF_41/C

Slack:                    inf
  Source:                 sw_i[3]
                            (input port)
  Destination:            game_fsm/genblk1[5].FF_41/D
                            (rising edge-triggered cell FDRE clocked by clk_out1_clk_wiz_0  {rise@0.000ns fall@20.000ns period=40.000ns})
  Path Group:             (none)
  Path Type:              Setup (Max at Slow Process Corner)
  Data Path Delay:        5.451ns  (logic 1.696ns (31.121%)  route 3.755ns (68.879%))
  Logic Levels:           3  (IBUF=1 LUT6=2)
  Clock Path Skew:        -1.557ns (DCD - SCD + CPR)
    Destination Clock Delay (DCD):    -1.557ns
    Source Clock Delay      (SCD):    0.000ns
    Clock Pessimism Removal (CPR):    0.000ns
  Clock Uncertainty:      0.195ns  ((TSJ^2 + DJ^2)^1/2) / 2 + PE
    Total System Jitter     (TSJ):    0.050ns
    Discrete Jitter          (DJ):    0.175ns
    Phase Error              (PE):    0.104ns

    Location             Delay type                Incr(ns)  Path(ns)    Netlist Resource(s)
  -------------------------------------------------------------------    -------------------
    W17                                               0.000     0.000 f  sw_i[3] (IN)
                         net (fo=0)                   0.000     0.000    sw_i[3]
    W17                  IBUF (Prop_ibuf_I_O)         1.448     1.448 f  sw_i_IBUF[3]_inst/O
                         net (fo=3, routed)           3.143     4.591    game_fsm/sw_i_IBUF[0]
    SLICE_X8Y83          LUT6 (Prop_lut6_I3_O)        0.124     4.715 f  game_fsm/genblk1[5].FF_41_i_2/O
                         net (fo=2, routed)           0.612     5.327    game_fsm/genblk1[5].FF_41_i_2_n_0
    SLICE_X11Y89         LUT6 (Prop_lut6_I1_O)        0.124     5.451 r  game_fsm/genblk1[5].FF_41_i_1/O
                         net (fo=1, routed)           0.000     5.451    game_fsm/state_d_5
    SLICE_X11Y89         FDRE                                         r  game_fsm/genblk1[5].FF_41/D
  -------------------------------------------------------------------    -------------------

                         (clock clk_out1_clk_wiz_0 rise edge)
                                                      0.000     0.000 r  
    W5                                                0.000     0.000 r  board_clk_i (IN)
                         net (fo=0)                   0.000     0.000    labVGA_clks/my_clk_inst/board_clk_i
    W5                   IBUF (Prop_ibuf_I_O)         1.388     1.388 r  labVGA_clks/my_clk_inst/clkin1_ibufg/O
                         net (fo=1, routed)           1.162     2.550    labVGA_clks/my_clk_inst/clk_in1_clk_wiz_0
    MMCME2_ADV_X1Y0      MMCME2_ADV (Prop_mmcme2_adv_CLKIN1_CLKOUT0)
                                                     -7.217    -4.668 r  labVGA_clks/my_clk_inst/mmcm_adv_inst/CLKOUT0
                         net (fo=1, routed)           1.581    -3.086    labVGA_clks/slowclk/clk_int
    BUFGCTRL_X0Y0        BUFG (Prop_bufg_I_O)         0.091    -2.995 r  labVGA_clks/slowclk/XLXI_401/O
                         net (fo=370, routed)         1.439    -1.557    game_fsm/clk_out
    SLICE_X11Y89         FDRE                                         r  game_fsm/genblk1[5].FF_41/C

Slack:                    inf
  Source:                 btnU_async_i
                            (input port)
  Destination:            btnU_sync/FF_13/D
                            (rising edge-triggered cell FDRE clocked by clk_out1_clk_wiz_0  {rise@0.000ns fall@20.000ns period=40.000ns})
  Path Group:             (none)
  Path Type:              Setup (Max at Slow Process Corner)
  Data Path Delay:        4.846ns  (logic 1.454ns (30.000%)  route 3.392ns (70.000%))
  Logic Levels:           1  (IBUF=1)
  Clock Path Skew:        -1.493ns (DCD - SCD + CPR)
    Destination Clock Delay (DCD):    -1.493ns
    Source Clock Delay      (SCD):    0.000ns
    Clock Pessimism Removal (CPR):    0.000ns
  Clock Uncertainty:      0.195ns  ((TSJ^2 + DJ^2)^1/2) / 2 + PE
    Total System Jitter     (TSJ):    0.050ns
    Discrete Jitter          (DJ):    0.175ns
    Phase Error              (PE):    0.104ns

    Location             Delay type                Incr(ns)  Path(ns)    Netlist Resource(s)
  -------------------------------------------------------------------    -------------------
    T18                                               0.000     0.000 r  btnU_async_i (IN)
                         net (fo=0)                   0.000     0.000    btnU_async_i
    T18                  IBUF (Prop_ibuf_I_O)         1.454     1.454 r  btnU_async_i_IBUF_inst/O
                         net (fo=1, routed)           3.392     4.846    btnU_sync/btnU_async_i_IBUF
    SLICE_X2Y84          FDRE                                         r  btnU_sync/FF_13/D
  -------------------------------------------------------------------    -------------------

                         (clock clk_out1_clk_wiz_0 rise edge)
                                                      0.000     0.000 r  
    W5                                                0.000     0.000 r  board_clk_i (IN)
                         net (fo=0)                   0.000     0.000    labVGA_clks/my_clk_inst/board_clk_i
    W5                   IBUF (Prop_ibuf_I_O)         1.388     1.388 r  labVGA_clks/my_clk_inst/clkin1_ibufg/O
                         net (fo=1, routed)           1.162     2.550    labVGA_clks/my_clk_inst/clk_in1_clk_wiz_0
    MMCME2_ADV_X1Y0      MMCME2_ADV (Prop_mmcme2_adv_CLKIN1_CLKOUT0)
                                                     -7.217    -4.668 r  labVGA_clks/my_clk_inst/mmcm_adv_inst/CLKOUT0
                         net (fo=1, routed)           1.581    -3.086    labVGA_clks/slowclk/clk_int
    BUFGCTRL_X0Y0        BUFG (Prop_bufg_I_O)         0.091    -2.995 r  labVGA_clks/slowclk/XLXI_401/O
                         net (fo=370, routed)         1.503    -1.493    btnU_sync/clk_out
    SLICE_X2Y84          FDRE                                         r  btnU_sync/FF_13/C

Slack:                    inf
  Source:                 btnR_async_i
                            (input port)
  Destination:            btnR_sync/FF_13/D
                            (rising edge-triggered cell FDRE clocked by clk_out1_clk_wiz_0  {rise@0.000ns fall@20.000ns period=40.000ns})
  Path Group:             (none)
  Path Type:              Setup (Max at Slow Process Corner)
  Data Path Delay:        4.642ns  (logic 1.451ns (31.260%)  route 3.191ns (68.740%))
  Logic Levels:           1  (IBUF=1)
  Clock Path Skew:        -1.494ns (DCD - SCD + CPR)
    Destination Clock Delay (DCD):    -1.494ns
    Source Clock Delay      (SCD):    0.000ns
    Clock Pessimism Removal (CPR):    0.000ns
  Clock Uncertainty:      0.195ns  ((TSJ^2 + DJ^2)^1/2) / 2 + PE
    Total System Jitter     (TSJ):    0.050ns
    Discrete Jitter          (DJ):    0.175ns
    Phase Error              (PE):    0.104ns

    Location             Delay type                Incr(ns)  Path(ns)    Netlist Resource(s)
  -------------------------------------------------------------------    -------------------
    T17                                               0.000     0.000 r  btnR_async_i (IN)
                         net (fo=0)                   0.000     0.000    btnR_async_i
    T17                  IBUF (Prop_ibuf_I_O)         1.451     1.451 r  btnR_async_i_IBUF_inst/O
                         net (fo=1, routed)           3.191     4.642    btnR_sync/btnR_async_i_IBUF
    SLICE_X4Y85          FDRE                                         r  btnR_sync/FF_13/D
  -------------------------------------------------------------------    -------------------

                         (clock clk_out1_clk_wiz_0 rise edge)
                                                      0.000     0.000 r  
    W5                                                0.000     0.000 r  board_clk_i (IN)
                         net (fo=0)                   0.000     0.000    labVGA_clks/my_clk_inst/board_clk_i
    W5                   IBUF (Prop_ibuf_I_O)         1.388     1.388 r  labVGA_clks/my_clk_inst/clkin1_ibufg/O
                         net (fo=1, routed)           1.162     2.550    labVGA_clks/my_clk_inst/clk_in1_clk_wiz_0
    MMCME2_ADV_X1Y0      MMCME2_ADV (Prop_mmcme2_adv_CLKIN1_CLKOUT0)
                                                     -7.217    -4.668 r  labVGA_clks/my_clk_inst/mmcm_adv_inst/CLKOUT0
                         net (fo=1, routed)           1.581    -3.086    labVGA_clks/slowclk/clk_int
    BUFGCTRL_X0Y0        BUFG (Prop_bufg_I_O)         0.091    -2.995 r  labVGA_clks/slowclk/XLXI_401/O
                         net (fo=370, routed)         1.502    -1.494    btnR_sync/clk_out
    SLICE_X4Y85          FDRE                                         r  btnR_sync/FF_13/C





Min Delay Paths
--------------------------------------------------------------------------------------
Slack:                    inf
  Source:                 btnC_async_i
                            (input port)
  Destination:            btnC_sync/FF_13/D
                            (rising edge-triggered cell FDRE clocked by clk_out1_clk_wiz_0  {rise@0.000ns fall@20.000ns period=40.000ns})
  Path Group:             (none)
  Path Type:              Hold (Min at Fast Process Corner)
  Data Path Delay:        1.464ns  (logic 0.210ns (14.308%)  route 1.255ns (85.692%))
  Logic Levels:           1  (IBUF=1)
  Clock Path Skew:        -0.835ns (DCD - SCD - CPR)
    Destination Clock Delay (DCD):    -0.835ns
    Source Clock Delay      (SCD):    0.000ns
    Clock Pessimism Removal (CPR):    -0.000ns

    Location             Delay type                Incr(ns)  Path(ns)    Netlist Resource(s)
  -------------------------------------------------------------------    -------------------
    U18                                               0.000     0.000 r  btnC_async_i (IN)
                         net (fo=0)                   0.000     0.000    btnC_async_i
    U18                  IBUF (Prop_ibuf_I_O)         0.210     0.210 r  btnC_async_i_IBUF_inst/O
                         net (fo=1, routed)           1.255     1.464    btnC_sync/btnC_async_i_IBUF
    SLICE_X4Y83          FDRE                                         r  btnC_sync/FF_13/D
  -------------------------------------------------------------------    -------------------

                         (clock clk_out1_clk_wiz_0 rise edge)
                                                      0.000     0.000 r  
    W5                                                0.000     0.000 r  board_clk_i (IN)
                         net (fo=0)                   0.000     0.000    labVGA_clks/my_clk_inst/board_clk_i
    W5                   IBUF (Prop_ibuf_I_O)         0.414     0.414 r  labVGA_clks/my_clk_inst/clkin1_ibufg/O
                         net (fo=1, routed)           0.480     0.894    labVGA_clks/my_clk_inst/clk_in1_clk_wiz_0
    MMCME2_ADV_X1Y0      MMCME2_ADV (Prop_mmcme2_adv_CLKIN1_CLKOUT0)
                                                     -3.142    -2.248 r  labVGA_clks/my_clk_inst/mmcm_adv_inst/CLKOUT0
                         net (fo=1, routed)           0.530    -1.718    labVGA_clks/slowclk/clk_int
    BUFGCTRL_X0Y0        BUFG (Prop_bufg_I_O)         0.029    -1.689 r  labVGA_clks/slowclk/XLXI_401/O
                         net (fo=370, routed)         0.855    -0.835    btnC_sync/clk_out
    SLICE_X4Y83          FDRE                                         r  btnC_sync/FF_13/C

Slack:                    inf
  Source:                 btnR_async_i
                            (input port)
  Destination:            btnR_sync/FF_13/D
                            (rising edge-triggered cell FDRE clocked by clk_out1_clk_wiz_0  {rise@0.000ns fall@20.000ns period=40.000ns})
  Path Group:             (none)
  Path Type:              Hold (Min at Fast Process Corner)
  Data Path Delay:        1.502ns  (logic 0.219ns (14.595%)  route 1.283ns (85.405%))
  Logic Levels:           1  (IBUF=1)
  Clock Path Skew:        -0.833ns (DCD - SCD - CPR)
    Destination Clock Delay (DCD):    -0.833ns
    Source Clock Delay      (SCD):    0.000ns
    Clock Pessimism Removal (CPR):    -0.000ns

    Location             Delay type                Incr(ns)  Path(ns)    Netlist Resource(s)
  -------------------------------------------------------------------    -------------------
    T17                                               0.000     0.000 r  btnR_async_i (IN)
                         net (fo=0)                   0.000     0.000    btnR_async_i
    T17                  IBUF (Prop_ibuf_I_O)         0.219     0.219 r  btnR_async_i_IBUF_inst/O
                         net (fo=1, routed)           1.283     1.502    btnR_sync/btnR_async_i_IBUF
    SLICE_X4Y85          FDRE                                         r  btnR_sync/FF_13/D
  -------------------------------------------------------------------    -------------------

                         (clock clk_out1_clk_wiz_0 rise edge)
                                                      0.000     0.000 r  
    W5                                                0.000     0.000 r  board_clk_i (IN)
                         net (fo=0)                   0.000     0.000    labVGA_clks/my_clk_inst/board_clk_i
    W5                   IBUF (Prop_ibuf_I_O)         0.414     0.414 r  labVGA_clks/my_clk_inst/clkin1_ibufg/O
                         net (fo=1, routed)           0.480     0.894    labVGA_clks/my_clk_inst/clk_in1_clk_wiz_0
    MMCME2_ADV_X1Y0      MMCME2_ADV (Prop_mmcme2_adv_CLKIN1_CLKOUT0)
                                                     -3.142    -2.248 r  labVGA_clks/my_clk_inst/mmcm_adv_inst/CLKOUT0
                         net (fo=1, routed)           0.530    -1.718    labVGA_clks/slowclk/clk_int
    BUFGCTRL_X0Y0        BUFG (Prop_bufg_I_O)         0.029    -1.689 r  labVGA_clks/slowclk/XLXI_401/O
                         net (fo=370, routed)         0.856    -0.833    btnR_sync/clk_out
    SLICE_X4Y85          FDRE                                         r  btnR_sync/FF_13/C

Slack:                    inf
  Source:                 btnL_async_i
                            (input port)
  Destination:            btnL_sync/FF_13/D
                            (rising edge-triggered cell FDRE clocked by clk_out1_clk_wiz_0  {rise@0.000ns fall@20.000ns period=40.000ns})
  Path Group:             (none)
  Path Type:              Hold (Min at Fast Process Corner)
  Data Path Delay:        1.539ns  (logic 0.219ns (14.258%)  route 1.319ns (85.742%))
  Logic Levels:           1  (IBUF=1)
  Clock Path Skew:        -0.860ns (DCD - SCD - CPR)
    Destination Clock Delay (DCD):    -0.860ns
    Source Clock Delay      (SCD):    0.000ns
    Clock Pessimism Removal (CPR):    -0.000ns

    Location             Delay type                Incr(ns)  Path(ns)    Netlist Resource(s)
  -------------------------------------------------------------------    -------------------
    W19                                               0.000     0.000 r  btnL_async_i (IN)
                         net (fo=0)                   0.000     0.000    btnL_async_i
    W19                  IBUF (Prop_ibuf_I_O)         0.219     0.219 r  btnL_async_i_IBUF_inst/O
                         net (fo=1, routed)           1.319     1.539    btnL_sync/btnL_async_i_IBUF
    SLICE_X8Y87          FDRE                                         r  btnL_sync/FF_13/D
  -------------------------------------------------------------------    -------------------

                         (clock clk_out1_clk_wiz_0 rise edge)
                                                      0.000     0.000 r  
    W5                                                0.000     0.000 r  board_clk_i (IN)
                         net (fo=0)                   0.000     0.000    labVGA_clks/my_clk_inst/board_clk_i
    W5                   IBUF (Prop_ibuf_I_O)         0.414     0.414 r  labVGA_clks/my_clk_inst/clkin1_ibufg/O
                         net (fo=1, routed)           0.480     0.894    labVGA_clks/my_clk_inst/clk_in1_clk_wiz_0
    MMCME2_ADV_X1Y0      MMCME2_ADV (Prop_mmcme2_adv_CLKIN1_CLKOUT0)
                                                     -3.142    -2.248 r  labVGA_clks/my_clk_inst/mmcm_adv_inst/CLKOUT0
                         net (fo=1, routed)           0.530    -1.718    labVGA_clks/slowclk/clk_int
    BUFGCTRL_X0Y0        BUFG (Prop_bufg_I_O)         0.029    -1.689 r  labVGA_clks/slowclk/XLXI_401/O
                         net (fo=370, routed)         0.829    -0.860    btnL_sync/clk_out
    SLICE_X8Y87          FDRE                                         r  btnL_sync/FF_13/C

Slack:                    inf
  Source:                 btnU_async_i
                            (input port)
  Destination:            btnU_sync/FF_13/D
                            (rising edge-triggered cell FDRE clocked by clk_out1_clk_wiz_0  {rise@0.000ns fall@20.000ns period=40.000ns})
  Path Group:             (none)
  Path Type:              Hold (Min at Fast Process Corner)
  Data Path Delay:        1.563ns  (logic 0.222ns (14.195%)  route 1.341ns (85.805%))
  Logic Levels:           1  (IBUF=1)
  Clock Path Skew:        -0.832ns (DCD - SCD - CPR)
    Destination Clock Delay (DCD):    -0.832ns
    Source Clock Delay      (SCD):    0.000ns
    Clock Pessimism Removal (CPR):    -0.000ns

    Location             Delay type                Incr(ns)  Path(ns)    Netlist Resource(s)
  -------------------------------------------------------------------    -------------------
    T18                                               0.000     0.000 r  btnU_async_i (IN)
                         net (fo=0)                   0.000     0.000    btnU_async_i
    T18                  IBUF (Prop_ibuf_I_O)         0.222     0.222 r  btnU_async_i_IBUF_inst/O
                         net (fo=1, routed)           1.341     1.563    btnU_sync/btnU_async_i_IBUF
    SLICE_X2Y84          FDRE                                         r  btnU_sync/FF_13/D
  -------------------------------------------------------------------    -------------------

                         (clock clk_out1_clk_wiz_0 rise edge)
                                                      0.000     0.000 r  
    W5                                                0.000     0.000 r  board_clk_i (IN)
                         net (fo=0)                   0.000     0.000    labVGA_clks/my_clk_inst/board_clk_i
    W5                   IBUF (Prop_ibuf_I_O)         0.414     0.414 r  labVGA_clks/my_clk_inst/clkin1_ibufg/O
                         net (fo=1, routed)           0.480     0.894    labVGA_clks/my_clk_inst/clk_in1_clk_wiz_0
    MMCME2_ADV_X1Y0      MMCME2_ADV (Prop_mmcme2_adv_CLKIN1_CLKOUT0)
                                                     -3.142    -2.248 r  labVGA_clks/my_clk_inst/mmcm_adv_inst/CLKOUT0
                         net (fo=1, routed)           0.530    -1.718    labVGA_clks/slowclk/clk_int
    BUFGCTRL_X0Y0        BUFG (Prop_bufg_I_O)         0.029    -1.689 r  labVGA_clks/slowclk/XLXI_401/O
                         net (fo=370, routed)         0.857    -0.832    btnU_sync/clk_out
    SLICE_X2Y84          FDRE                                         r  btnU_sync/FF_13/C

Slack:                    inf
  Source:                 sw_i[3]
                            (input port)
  Destination:            game_fsm/genblk1[5].FF_41/D
                            (rising edge-triggered cell FDRE clocked by clk_out1_clk_wiz_0  {rise@0.000ns fall@20.000ns period=40.000ns})
  Path Group:             (none)
  Path Type:              Hold (Min at Fast Process Corner)
  Data Path Delay:        1.887ns  (logic 0.307ns (16.248%)  route 1.581ns (83.752%))
  Logic Levels:           3  (IBUF=1 LUT6=2)
  Clock Path Skew:        -0.858ns (DCD - SCD - CPR)
    Destination Clock Delay (DCD):    -0.858ns
    Source Clock Delay      (SCD):    0.000ns
    Clock Pessimism Removal (CPR):    -0.000ns

    Location             Delay type                Incr(ns)  Path(ns)    Netlist Resource(s)
  -------------------------------------------------------------------    -------------------
    W17                                               0.000     0.000 f  sw_i[3] (IN)
                         net (fo=0)                   0.000     0.000    sw_i[3]
    W17                  IBUF (Prop_ibuf_I_O)         0.217     0.217 f  sw_i_IBUF[3]_inst/O
                         net (fo=3, routed)           1.350     1.566    game_fsm/sw_i_IBUF[0]
    SLICE_X8Y83          LUT6 (Prop_lut6_I3_O)        0.045     1.611 f  game_fsm/genblk1[5].FF_41_i_2/O
                         net (fo=2, routed)           0.231     1.842    game_fsm/genblk1[5].FF_41_i_2_n_0
    SLICE_X11Y89         LUT6 (Prop_lut6_I1_O)        0.045     1.887 r  game_fsm/genblk1[5].FF_41_i_1/O
                         net (fo=1, routed)           0.000     1.887    game_fsm/state_d_5
    SLICE_X11Y89         FDRE                                         r  game_fsm/genblk1[5].FF_41/D
  -------------------------------------------------------------------    -------------------

                         (clock clk_out1_clk_wiz_0 rise edge)
                                                      0.000     0.000 r  
    W5                                                0.000     0.000 r  board_clk_i (IN)
                         net (fo=0)                   0.000     0.000    labVGA_clks/my_clk_inst/board_clk_i
    W5                   IBUF (Prop_ibuf_I_O)         0.414     0.414 r  labVGA_clks/my_clk_inst/clkin1_ibufg/O
                         net (fo=1, routed)           0.480     0.894    labVGA_clks/my_clk_inst/clk_in1_clk_wiz_0
    MMCME2_ADV_X1Y0      MMCME2_ADV (Prop_mmcme2_adv_CLKIN1_CLKOUT0)
                                                     -3.142    -2.248 r  labVGA_clks/my_clk_inst/mmcm_adv_inst/CLKOUT0
                         net (fo=1, routed)           0.530    -1.718    labVGA_clks/slowclk/clk_int
    BUFGCTRL_X0Y0        BUFG (Prop_bufg_I_O)         0.029    -1.689 r  labVGA_clks/slowclk/XLXI_401/O
                         net (fo=370, routed)         0.831    -0.858    game_fsm/clk_out
    SLICE_X11Y89         FDRE                                         r  game_fsm/genblk1[5].FF_41/C

Slack:                    inf
  Source:                 sw_i[3]
                            (input port)
  Destination:            game_fsm/genblk2[3].FF_77/D
                            (rising edge-triggered cell FDRE clocked by clk_out1_clk_wiz_0  {rise@0.000ns fall@20.000ns period=40.000ns})
  Path Group:             (none)
  Path Type:              Hold (Min at Fast Process Corner)
  Data Path Delay:        2.086ns  (logic 0.307ns (14.701%)  route 1.779ns (85.299%))
  Logic Levels:           3  (IBUF=1 LUT6=2)
  Clock Path Skew:        -0.858ns (DCD - SCD - CPR)
    Destination Clock Delay (DCD):    -0.858ns
    Source Clock Delay      (SCD):    0.000ns
    Clock Pessimism Removal (CPR):    -0.000ns

    Location             Delay type                Incr(ns)  Path(ns)    Netlist Resource(s)
  -------------------------------------------------------------------    -------------------
    W17                                               0.000     0.000 r  sw_i[3] (IN)
                         net (fo=0)                   0.000     0.000    sw_i[3]
    W17                  IBUF (Prop_ibuf_I_O)         0.217     0.217 r  sw_i_IBUF[3]_inst/O
                         net (fo=3, routed)           1.350     1.566    game_fsm/sw_i_IBUF[0]
    SLICE_X8Y83          LUT6 (Prop_lut6_I3_O)        0.045     1.611 r  game_fsm/genblk1[5].FF_41_i_2/O
                         net (fo=2, routed)           0.430     2.041    game_fsm/genblk1[5].FF_41_i_2_n_0
    SLICE_X11Y89         LUT6 (Prop_lut6_I5_O)        0.045     2.086 r  game_fsm/genblk2[3].FF_77_i_1/O
                         net (fo=1, routed)           0.000     2.086    game_fsm/lives_d[3]
    SLICE_X11Y89         FDRE                                         r  game_fsm/genblk2[3].FF_77/D
  -------------------------------------------------------------------    -------------------

                         (clock clk_out1_clk_wiz_0 rise edge)
                                                      0.000     0.000 r  
    W5                                                0.000     0.000 r  board_clk_i (IN)
                         net (fo=0)                   0.000     0.000    labVGA_clks/my_clk_inst/board_clk_i
    W5                   IBUF (Prop_ibuf_I_O)         0.414     0.414 r  labVGA_clks/my_clk_inst/clkin1_ibufg/O
                         net (fo=1, routed)           0.480     0.894    labVGA_clks/my_clk_inst/clk_in1_clk_wiz_0
    MMCME2_ADV_X1Y0      MMCME2_ADV (Prop_mmcme2_adv_CLKIN1_CLKOUT0)
                                                     -3.142    -2.248 r  labVGA_clks/my_clk_inst/mmcm_adv_inst/CLKOUT0
                         net (fo=1, routed)           0.530    -1.718    labVGA_clks/slowclk/clk_int
    BUFGCTRL_X0Y0        BUFG (Prop_bufg_I_O)         0.029    -1.689 r  labVGA_clks/slowclk/XLXI_401/O
                         net (fo=370, routed)         0.831    -0.858    game_fsm/clk_out
    SLICE_X11Y89         FDRE                                         r  game_fsm/genblk2[3].FF_77/C

Slack:                    inf
  Source:                 sw_i[3]
                            (input port)
  Destination:            game_fsm/genblk1[3].FF_41/D
                            (rising edge-triggered cell FDRE clocked by clk_out1_clk_wiz_0  {rise@0.000ns fall@20.000ns period=40.000ns})
  Path Group:             (none)
  Path Type:              Hold (Min at Fast Process Corner)
  Data Path Delay:        2.094ns  (logic 0.308ns (14.690%)  route 1.787ns (85.310%))
  Logic Levels:           3  (IBUF=1 LUT4=1 LUT6=1)
  Clock Path Skew:        -0.837ns (DCD - SCD - CPR)
    Destination Clock Delay (DCD):    -0.837ns
    Source Clock Delay      (SCD):    0.000ns
    Clock Pessimism Removal (CPR):    -0.000ns

    Location             Delay type                Incr(ns)  Path(ns)    Netlist Resource(s)
  -------------------------------------------------------------------    -------------------
    W17                                               0.000     0.000 r  sw_i[3] (IN)
                         net (fo=0)                   0.000     0.000    sw_i[3]
    W17                  IBUF (Prop_ibuf_I_O)         0.217     0.217 r  sw_i_IBUF[3]_inst/O
                         net (fo=3, routed)           1.520     1.737    train_R/sw_i_IBUF[0]
    SLICE_X7Y81          LUT6 (Prop_lut6_I0_O)        0.045     1.782 r  train_R/genblk1[2].FF_41_i_2/O
                         net (fo=2, routed)           0.147     1.929    game_fsm/genblk1[2].FF_41_1
    SLICE_X7Y81          LUT4 (Prop_lut4_I2_O)        0.046     1.975 r  game_fsm/genblk1[3].FF_41_i_1/O
                         net (fo=1, routed)           0.119     2.094    game_fsm/state_d_3
    SLICE_X6Y81          FDRE                                         r  game_fsm/genblk1[3].FF_41/D
  -------------------------------------------------------------------    -------------------

                         (clock clk_out1_clk_wiz_0 rise edge)
                                                      0.000     0.000 r  
    W5                                                0.000     0.000 r  board_clk_i (IN)
                         net (fo=0)                   0.000     0.000    labVGA_clks/my_clk_inst/board_clk_i
    W5                   IBUF (Prop_ibuf_I_O)         0.414     0.414 r  labVGA_clks/my_clk_inst/clkin1_ibufg/O
                         net (fo=1, routed)           0.480     0.894    labVGA_clks/my_clk_inst/clk_in1_clk_wiz_0
    MMCME2_ADV_X1Y0      MMCME2_ADV (Prop_mmcme2_adv_CLKIN1_CLKOUT0)
                                                     -3.142    -2.248 r  labVGA_clks/my_clk_inst/mmcm_adv_inst/CLKOUT0
                         net (fo=1, routed)           0.530    -1.718    labVGA_clks/slowclk/clk_int
    BUFGCTRL_X0Y0        BUFG (Prop_bufg_I_O)         0.029    -1.689 r  labVGA_clks/slowclk/XLXI_401/O
                         net (fo=370, routed)         0.853    -0.837    game_fsm/clk_out
    SLICE_X6Y81          FDRE                                         r  game_fsm/genblk1[3].FF_41/C

Slack:                    inf
  Source:                 sw_i[3]
                            (input port)
  Destination:            game_fsm/genblk1[4].FF_41/D
                            (rising edge-triggered cell FDRE clocked by clk_out1_clk_wiz_0  {rise@0.000ns fall@20.000ns period=40.000ns})
  Path Group:             (none)
  Path Type:              Hold (Min at Fast Process Corner)
  Data Path Delay:        2.161ns  (logic 0.307ns (14.188%)  route 1.855ns (85.812%))
  Logic Levels:           3  (IBUF=1 LUT4=1 LUT6=1)
  Clock Path Skew:        -0.860ns (DCD - SCD - CPR)
    Destination Clock Delay (DCD):    -0.860ns
    Source Clock Delay      (SCD):    0.000ns
    Clock Pessimism Removal (CPR):    -0.000ns

    Location             Delay type                Incr(ns)  Path(ns)    Netlist Resource(s)
  -------------------------------------------------------------------    -------------------
    W17                                               0.000     0.000 f  sw_i[3] (IN)
                         net (fo=0)                   0.000     0.000    sw_i[3]
    W17                  IBUF (Prop_ibuf_I_O)         0.217     0.217 f  sw_i_IBUF[3]_inst/O
                         net (fo=3, routed)           1.579     1.796    game_fsm/sw_i_IBUF[0]
    SLICE_X8Y83          LUT6 (Prop_lut6_I2_O)        0.045     1.841 r  game_fsm/genblk1[4].FF_41_i_2/O
                         net (fo=4, routed)           0.275     2.116    btnC_sync/genblk1[4].FF_41
    SLICE_X11Y87         LUT4 (Prop_lut4_I3_O)        0.045     2.161 r  btnC_sync/genblk1[4].FF_41_i_1/O
                         net (fo=1, routed)           0.000     2.161    game_fsm/state_d_4
    SLICE_X11Y87         FDRE                                         r  game_fsm/genblk1[4].FF_41/D
  -------------------------------------------------------------------    -------------------

                         (clock clk_out1_clk_wiz_0 rise edge)
                                                      0.000     0.000 r  
    W5                                                0.000     0.000 r  board_clk_i (IN)
                         net (fo=0)                   0.000     0.000    labVGA_clks/my_clk_inst/board_clk_i
    W5                   IBUF (Prop_ibuf_I_O)         0.414     0.414 r  labVGA_clks/my_clk_inst/clkin1_ibufg/O
                         net (fo=1, routed)           0.480     0.894    labVGA_clks/my_clk_inst/clk_in1_clk_wiz_0
    MMCME2_ADV_X1Y0      MMCME2_ADV (Prop_mmcme2_adv_CLKIN1_CLKOUT0)
                                                     -3.142    -2.248 r  labVGA_clks/my_clk_inst/mmcm_adv_inst/CLKOUT0
                         net (fo=1, routed)           0.530    -1.718    labVGA_clks/slowclk/clk_int
    BUFGCTRL_X0Y0        BUFG (Prop_bufg_I_O)         0.029    -1.689 r  labVGA_clks/slowclk/XLXI_401/O
                         net (fo=370, routed)         0.829    -0.860    game_fsm/clk_out
    SLICE_X11Y87         FDRE                                         r  game_fsm/genblk1[4].FF_41/C

Slack:                    inf
  Source:                 sw_i[3]
                            (input port)
  Destination:            game_fsm/genblk1[2].FF_41/D
                            (rising edge-triggered cell FDRE clocked by clk_out1_clk_wiz_0  {rise@0.000ns fall@20.000ns period=40.000ns})
  Path Group:             (none)
  Path Type:              Hold (Min at Fast Process Corner)
  Data Path Delay:        2.196ns  (logic 0.305ns (13.873%)  route 1.891ns (86.127%))
  Logic Levels:           3  (IBUF=1 LUT5=1 LUT6=1)
  Clock Path Skew:        -0.864ns (DCD - SCD - CPR)
    Destination Clock Delay (DCD):    -0.864ns
    Source Clock Delay      (SCD):    0.000ns
    Clock Pessimism Removal (CPR):    -0.000ns

    Location             Delay type                Incr(ns)  Path(ns)    Netlist Resource(s)
  -------------------------------------------------------------------    -------------------
    W17                                               0.000     0.000 r  sw_i[3] (IN)
                         net (fo=0)                   0.000     0.000    sw_i[3]
    W17                  IBUF (Prop_ibuf_I_O)         0.217     0.217 r  sw_i_IBUF[3]_inst/O
                         net (fo=3, routed)           1.520     1.737    train_R/sw_i_IBUF[0]
    SLICE_X7Y81          LUT6 (Prop_lut6_I0_O)        0.045     1.782 r  train_R/genblk1[2].FF_41_i_2/O
                         net (fo=2, routed)           0.371     2.153    game_fsm/genblk1[2].FF_41_1
    SLICE_X8Y82          LUT5 (Prop_lut5_I4_O)        0.043     2.196 r  game_fsm/genblk1[2].FF_41_i_1/O
                         net (fo=1, routed)           0.000     2.196    game_fsm/state_d_2
    SLICE_X8Y82          FDRE                                         r  game_fsm/genblk1[2].FF_41/D
  -------------------------------------------------------------------    -------------------

                         (clock clk_out1_clk_wiz_0 rise edge)
                                                      0.000     0.000 r  
    W5                                                0.000     0.000 r  board_clk_i (IN)
                         net (fo=0)                   0.000     0.000    labVGA_clks/my_clk_inst/board_clk_i
    W5                   IBUF (Prop_ibuf_I_O)         0.414     0.414 r  labVGA_clks/my_clk_inst/clkin1_ibufg/O
                         net (fo=1, routed)           0.480     0.894    labVGA_clks/my_clk_inst/clk_in1_clk_wiz_0
    MMCME2_ADV_X1Y0      MMCME2_ADV (Prop_mmcme2_adv_CLKIN1_CLKOUT0)
                                                     -3.142    -2.248 r  labVGA_clks/my_clk_inst/mmcm_adv_inst/CLKOUT0
                         net (fo=1, routed)           0.530    -1.718    labVGA_clks/slowclk/clk_int
    BUFGCTRL_X0Y0        BUFG (Prop_bufg_I_O)         0.029    -1.689 r  labVGA_clks/slowclk/XLXI_401/O
                         net (fo=370, routed)         0.825    -0.864    game_fsm/clk_out
    SLICE_X8Y82          FDRE                                         r  game_fsm/genblk1[2].FF_41/C

Slack:                    inf
  Source:                 sw_i[3]
                            (input port)
  Destination:            game_fsm/genblk2[0].FF_77/D
                            (rising edge-triggered cell FDRE clocked by clk_out1_clk_wiz_0  {rise@0.000ns fall@20.000ns period=40.000ns})
  Path Group:             (none)
  Path Type:              Hold (Min at Fast Process Corner)
  Data Path Delay:        2.236ns  (logic 0.307ns (13.712%)  route 1.930ns (86.288%))
  Logic Levels:           3  (IBUF=1 LUT5=1 LUT6=1)
  Clock Path Skew:        -0.858ns (DCD - SCD - CPR)
    Destination Clock Delay (DCD):    -0.858ns
    Source Clock Delay      (SCD):    0.000ns
    Clock Pessimism Removal (CPR):    -0.000ns

    Location             Delay type                Incr(ns)  Path(ns)    Netlist Resource(s)
  -------------------------------------------------------------------    -------------------
    W17                                               0.000     0.000 f  sw_i[3] (IN)
                         net (fo=0)                   0.000     0.000    sw_i[3]
    W17                  IBUF (Prop_ibuf_I_O)         0.217     0.217 f  sw_i_IBUF[3]_inst/O
                         net (fo=3, routed)           1.579     1.796    game_fsm/sw_i_IBUF[0]
    SLICE_X8Y83          LUT6 (Prop_lut6_I2_O)        0.045     1.841 r  game_fsm/genblk1[4].FF_41_i_2/O
                         net (fo=4, routed)           0.351     2.191    game_fsm/genblk2[2].FF_77_0
    SLICE_X10Y89         LUT5 (Prop_lut5_I0_O)        0.045     2.236 r  game_fsm/genblk2[0].FF_77_i_1/O
                         net (fo=1, routed)           0.000     2.236    game_fsm/lives_d[0]
    SLICE_X10Y89         FDRE                                         r  game_fsm/genblk2[0].FF_77/D
  -------------------------------------------------------------------    -------------------

                         (clock clk_out1_clk_wiz_0 rise edge)
                                                      0.000     0.000 r  
    W5                                                0.000     0.000 r  board_clk_i (IN)
                         net (fo=0)                   0.000     0.000    labVGA_clks/my_clk_inst/board_clk_i
    W5                   IBUF (Prop_ibuf_I_O)         0.414     0.414 r  labVGA_clks/my_clk_inst/clkin1_ibufg/O
                         net (fo=1, routed)           0.480     0.894    labVGA_clks/my_clk_inst/clk_in1_clk_wiz_0
    MMCME2_ADV_X1Y0      MMCME2_ADV (Prop_mmcme2_adv_CLKIN1_CLKOUT0)
                                                     -3.142    -2.248 r  labVGA_clks/my_clk_inst/mmcm_adv_inst/CLKOUT0
                         net (fo=1, routed)           0.530    -1.718    labVGA_clks/slowclk/clk_int
    BUFGCTRL_X0Y0        BUFG (Prop_bufg_I_O)         0.029    -1.689 r  labVGA_clks/slowclk/XLXI_401/O
                         net (fo=370, routed)         0.831    -0.858    game_fsm/clk_out
    SLICE_X10Y89         FDRE                                         r  game_fsm/genblk2[0].FF_77/C





